repo,user_id,user_login,contributions,account_created_at,public_repos,followers
BlueWallet/BlueWallet,4793122,marcosrdz,5034,2013-06-24T00:53:49Z,36,106
BlueWallet/BlueWallet,57302936,GladosBlueWallet,2865,2019-11-02T21:53:04Z,0,49
BlueWallet/BlueWallet,1913337,Overtorment,1782,2012-07-02T09:09:52Z,45,310
BlueWallet/BlueWallet,43880903,transifex-integration[bot],591,2018-10-05T11:32:40Z,0,0
BlueWallet/BlueWallet,29139614,renovate[bot],537,2017-06-02T07:04:12Z,0,0
BlueWallet/BlueWallet,155891,limpbrains,399,2009-11-20T11:27:55Z,64,59
BlueWallet/BlueWallet,25180681,renovate-bot,290,2017-01-17T16:55:44Z,11975,1858
BlueWallet/BlueWallet,19733683,snyk-bot,286,2016-06-03T16:01:12Z,4,961
BlueWallet/BlueWallet,1238429,ncoelho,219,2011-12-03T17:21:08Z,34,96
BlueWallet/BlueWallet,46393985,sansegkh,35,2019-01-05T07:41:09Z,0,3
BlueWallet/BlueWallet,2407408,pajasevi,30,2012-09-23T23:45:52Z,8,77
BlueWallet/BlueWallet,6998593,abhiShandy,30,2014-03-19T12:54:04Z,70,41
BlueWallet/BlueWallet,63400670,mcsaeid,22,2020-04-09T10:39:47Z,14,25
BlueWallet/BlueWallet,442835,demerzel3,19,2010-10-17T15:39:08Z,35,17
BlueWallet/BlueWallet,49699333,dependabot[bot],14,2019-04-16T22:34:25Z,0,0
BlueWallet/BlueWallet,11246316,junderw,14,2015-02-28T15:35:47Z,126,429
BlueWallet/BlueWallet,1374174,tanx,12,2012-01-24T08:52:29Z,24,0
BlueWallet/BlueWallet,1653275,fiatjaf,11,2012-04-17T20:42:54Z,436,2120
BlueWallet/BlueWallet,24670728,davidullo,10,2016-12-20T10:45:47Z,17,6
BlueWallet/BlueWallet,9318412,bordalix,10,2014-10-20T11:01:45Z,89,49
BlueWallet/BlueWallet,2109282,davh,9,2012-08-07T10:23:01Z,9,4
BlueWallet/BlueWallet,48102227,Danswar,8,2019-02-28T18:23:25Z,40,12
BlueWallet/BlueWallet,7918067,jaonoctus,8,2014-06-18T00:07:30Z,102,182
BlueWallet/BlueWallet,32230902,felixdragon,7,2017-09-23T23:48:25Z,6,3
BlueWallet/BlueWallet,853014,mgurzenski,6,2011-06-16T00:50:10Z,4,3
BlueWallet/BlueWallet,75021359,EZ0010,4,2020-11-25T11:41:29Z,5,5
BlueWallet/BlueWallet,99641747,StefanEissler,4,2022-02-14T08:01:04Z,4,4
BlueWallet/BlueWallet,4103710,sha-265,4,2013-04-09T12:09:20Z,31,23
BlueWallet/BlueWallet,34041358,setavenger,4,2017-11-27T20:00:58Z,61,20
BlueWallet/BlueWallet,30769209,jontzi,3,2017-08-06T09:05:11Z,7,3
BlueWallet/BlueWallet,77220130,xanoni,3,2021-01-10T04:19:02Z,189,59
BlueWallet/BlueWallet,60437355,marcosrodriguezseminole,3,2020-01-29T15:05:33Z,6,3
BlueWallet/BlueWallet,1178856,bitcoinuser,3,2011-11-07T19:55:37Z,13,52
BlueWallet/BlueWallet,2598660,t4t5,3,2012-10-19T11:27:40Z,53,1091
BlueWallet/BlueWallet,128152626,ssperanskiy,3,2023-03-17T12:48:19Z,1,7
BlueWallet/BlueWallet,114368114,librepax,3,2022-09-25T23:27:07Z,6,1
BlueWallet/BlueWallet,11858750,matheuschagas,3,2015-04-08T18:26:37Z,35,3
BlueWallet/BlueWallet,17813711,Abstraktikus,3,2016-03-13T16:37:16Z,2,3
BlueWallet/BlueWallet,83122757,22388o,3,2021-04-24T12:31:46Z,5253,1998
BlueWallet/BlueWallet,11212268,gruve-p,2,2015-02-26T13:22:01Z,48,29
BlueWallet/BlueWallet,788415,phrazzld,2,2011-05-14T22:34:32Z,106,47
BlueWallet/BlueWallet,91712245,evil-maid,2,2021-10-01T03:21:13Z,20,0
BlueWallet/BlueWallet,35112265,mercuriosilber,2,2018-01-04T18:07:30Z,5,6
BlueWallet/BlueWallet,28598593,jorgemasta,2,2017-05-10T13:07:24Z,49,32
BlueWallet/BlueWallet,1934678,bolatovumar,2,2012-07-07T02:42:58Z,42,70
BlueWallet/BlueWallet,9731754,klauslovgreen,2,2014-11-13T23:48:18Z,7,8
BlueWallet/BlueWallet,24903257,porcupinenick,2,2017-01-03T22:03:48Z,5,8
BlueWallet/BlueWallet,26768472,plengkeek,2,2017-03-29T13:10:58Z,6,5
BlueWallet/BlueWallet,20562905,peterdmv,2,2016-07-20T17:05:37Z,18,11
BlueWallet/BlueWallet,781067,dr3am3r,2,2011-05-11T08:57:42Z,25,10
BlueWallet/BlueWallet,22680515,SiteEffect,2,2016-10-07T12:25:14Z,3,8
BlueWallet/BlueWallet,1706012,stepansnigirev,2,2012-05-04T14:01:59Z,105,216
BlueWallet/BlueWallet,144179047,3bitcoins,1,2023-09-05T21:47:12Z,1,1
BlueWallet/BlueWallet,1101497,mirelon,1,2011-10-04T11:00:14Z,93,14
BlueWallet/BlueWallet,4294069,0o001,1,2013-04-29T16:32:42Z,312,350
BlueWallet/BlueWallet,9986007,thelwyn,1,2014-11-28T06:50:06Z,24,5
BlueWallet/BlueWallet,97000198,ShortTimeNoSee,1,2022-01-02T21:44:59Z,9,1
BlueWallet/BlueWallet,12925927,pablocastellanos,1,2015-06-16T20:07:17Z,4,3
BlueWallet/BlueWallet,31884704,xavierfiechter,1,2017-09-12T09:36:54Z,98,39
BlueWallet/BlueWallet,37063625,Ziya-Sadr,1,2018-03-05T07:32:01Z,5,27
BlueWallet/BlueWallet,58403584,adamritter,1,2019-12-01T21:49:59Z,46,32
BlueWallet/BlueWallet,32646250,djschnei21,1,2017-10-09T15:52:02Z,38,6
BlueWallet/BlueWallet,1429817,eliaspoveda,1,2012-02-11T22:43:00Z,1,0
BlueWallet/BlueWallet,63148255,korekasnadar,1,2020-04-04T10:52:04Z,8,0
BlueWallet/BlueWallet,15310433,jonjamcam,1,2015-10-25T13:55:56Z,2,5
BlueWallet/BlueWallet,109439560,odrru,1,2022-07-16T21:11:36Z,4,3
BlueWallet/BlueWallet,40079644,masikotimo,1,2018-06-09T03:14:37Z,45,5
BlueWallet/BlueWallet,5811476,neocogent,1,2013-10-30T07:53:20Z,30,24
BlueWallet/BlueWallet,73983677,omahs,1,2020-11-05T06:36:51Z,2512,355
BlueWallet/BlueWallet,5436405,soonoo,1,2013-09-11T14:23:33Z,84,22
BlueWallet/BlueWallet,170173759,stellrust,1,2024-05-18T09:52:54Z,17,1
BlueWallet/BlueWallet,44899195,thisames,1,2018-11-09T13:17:41Z,27,64
BlueWallet/BlueWallet,45404964,tukac,1,2018-11-27T20:28:08Z,1,1
BlueWallet/BlueWallet,51332444,vuongvoviet,1,2019-06-03T15:45:48Z,8,1
BlueWallet/BlueWallet,123058040,xinhangzhou,1,2023-01-19T07:10:03Z,20,0
BlueWallet/BlueWallet,67546953,AaronDewes,1,2020-06-28T13:07:55Z,447,241
BlueWallet/BlueWallet,24511018,AbdelrahmanManz,1,2016-12-11T19:12:18Z,9,3
BlueWallet/BlueWallet,19543837,arizala13,1,2016-05-24T03:13:45Z,7,10
BlueWallet/BlueWallet,3450441,rollingdice,1,2013-02-01T16:35:52Z,24,8
BlueWallet/BlueWallet,664679,benfavre,1,2011-03-11T19:28:12Z,110,28
BlueWallet/BlueWallet,5710346,BrunoSette,1,2013-10-17T14:34:03Z,45,20
BlueWallet/BlueWallet,59743948,kiocosta,1,2020-01-10T18:06:16Z,16,18
BlueWallet/BlueWallet,695901,GBKS,1,2011-03-28T20:43:14Z,42,206
BlueWallet/BlueWallet,8525467,DanGould,1,2014-08-22T17:13:08Z,75,123
BlueWallet/BlueWallet,44374730,iCE3X-CryptoNinja,1,2018-10-22T16:26:49Z,2,2
BlueWallet/BlueWallet,8949706,dimitris-t,1,2014-09-28T18:24:25Z,46,36
BlueWallet/BlueWallet,7512922,erfanoabdi,1,2014-05-07T13:52:48Z,222,935
BlueWallet/BlueWallet,1488195,skv-headless,1,2012-03-01T10:04:28Z,134,156
BlueWallet/BlueWallet,16916606,eyal352,1,2016-01-27T10:18:27Z,24,14
BlueWallet/BlueWallet,5300488,Jasonvdb,1,2013-08-24T10:04:09Z,40,49
BlueWallet/BlueWallet,15966593,JssDWt,1,2015-11-22T12:42:09Z,41,35
BlueWallet/BlueWallet,103882255,jesterhodl,1,2022-04-17T10:37:25Z,24,1
BlueWallet/BlueWallet,93203793,JimmySaffeen,1,2021-10-26T13:37:52Z,1,2
BlueWallet/BlueWallet,1894385,jmarrero,1,2012-06-26T14:14:35Z,45,34
BlueWallet/BlueWallet,2123375,lukechilds,1,2012-08-09T12:50:11Z,211,1585
BlueWallet/BlueWallet,53551441,HelloMokuzai,1,2019-08-01T04:51:23Z,18,15
BlueWallet/BlueWallet,44612342,marcosrodriguezturner,1,2018-10-30T14:31:54Z,0,2
BlueWallet/BlueWallet,47428357,iamjackharper,1,2019-02-07T17:37:10Z,9,3
BlueWallet/BlueWallet,12672050,matt-auckland,1,2015-05-30T11:53:48Z,58,52
CodingPirates/forenings_medlemmer,419298,lakridserne,720,2010-09-28T14:44:49Z,42,15
CodingPirates/forenings_medlemmer,58829786,mhewel,306,2019-12-12T21:24:06Z,2,3
CodingPirates/forenings_medlemmer,3492940,nallic,298,2013-02-06T15:43:14Z,14,19
CodingPirates/forenings_medlemmer,3763552,rasmusselsmark,255,2013-03-04T10:38:44Z,40,9
CodingPirates/forenings_medlemmer,3578071,Rotendahl,116,2013-02-12T19:51:18Z,38,42
CodingPirates/forenings_medlemmer,27856297,dependabot-preview[bot],46,2017-04-21T12:03:36Z,0,0
CodingPirates/forenings_medlemmer,49699333,dependabot[bot],41,2019-04-16T22:34:25Z,0,0
CodingPirates/forenings_medlemmer,988263,jenrik,26,2011-08-18T09:25:01Z,81,10
CodingPirates/forenings_medlemmer,74015378,arctixdev,26,2020-11-05T17:32:35Z,49,36
CodingPirates/forenings_medlemmer,12400097,benj5378,22,2015-05-11T19:15:35Z,25,6
CodingPirates/forenings_medlemmer,807156,lronhoj,18,2011-05-24T09:38:06Z,11,1
CodingPirates/forenings_medlemmer,17178122,JondareHM,14,2016-02-11T13:19:08Z,4,0
CodingPirates/forenings_medlemmer,191521,jarl-dk,10,2010-01-28T12:34:13Z,32,19
CodingPirates/forenings_medlemmer,5778301,sunenilausen,8,2013-10-25T22:51:34Z,57,19
CodingPirates/forenings_medlemmer,11410667,rasmus-unity,4,2015-03-10T16:15:53Z,16,4
CodingPirates/forenings_medlemmer,31068308,JakobLibak,3,2017-08-16T12:15:40Z,9,1
CodingPirates/forenings_medlemmer,3142055,falle1234,3,2012-12-28T13:38:49Z,11,0
CodingPirates/forenings_medlemmer,55204,dybber,1,2009-02-17T11:09:39Z,34,66
CodingPirates/forenings_medlemmer,830016,sulfo,1,2011-06-04T21:50:54Z,53,18
CodingPirates/forenings_medlemmer,99079698,jakoblibakcp,1,2022-02-05T12:55:22Z,1,0
CodingPirates/forenings_medlemmer,170124950,rvpsolution,1,2024-05-17T16:47:38Z,0,0
CodingPirates/forenings_medlemmer,41810448,stickler-ci[bot],1,2018-07-28T02:13:46Z,0,0
CodingPirates/forenings_medlemmer,36662540,thejomas,1,2018-02-20T10:49:17Z,7,2
rust-lang/rust,3372342,bors,45561,2013-01-24T17:30:18Z,0,513
rust-lang/rust,476013,matthiaskrgr,11045,2010-11-10T16:37:28Z,104,299
rust-lang/rust,330628,RalfJung,8455,2010-07-13T10:12:25Z,182,1007
rust-lang/rust,3050060,GuillaumeGomez,6875,2012-12-15T14:08:11Z,263,1464
rust-lang/rust,332036,oli-obk,5793,2010-07-14T15:24:27Z,238,687
rust-lang/rust,1711539,matklad,5546,2012-05-06T22:03:43Z,496,5380
rust-lang/rust,147214,brson,5512,2009-10-31T20:08:15Z,411,2433
rust-lang/rust,64996,alexcrichton,5149,2009-03-19T19:31:50Z,457,5220
rust-lang/rust,17426603,bjorn3,4670,2016-02-23T09:23:46Z,139,595
rust-lang/rust,155238,nikomatsakis,4345,2009-11-19T07:01:48Z,260,4064
rust-lang/rust,855702,Centril,4229,2011-06-17T05:33:00Z,126,0
rust-lang/rust,3674314,compiler-errors,4155,2013-02-22T23:34:13Z,60,534
rust-lang/rust,1617736,Manishearth,3738,2012-04-06T05:41:40Z,407,2171
rust-lang/rust,99973273,Dylan-DPC,3466,2022-02-18T13:44:26Z,101,136
rust-lang/rust,3757771,Veykril,3428,2013-03-03T19:14:36Z,115,400
rust-lang/rust,25030997,JohnTitor,3321,2017-01-10T11:29:51Z,250,1401
rust-lang/rust,1940286,nnethercote,3099,2012-07-09T02:32:15Z,69,725
rust-lang/rust,157897,pcwalton,2829,2009-11-25T04:40:05Z,191,1553
rust-lang/rust,1606434,estebank,2688,2012-04-02T23:20:29Z,51,580
rust-lang/rust,14097,graydon,2233,2008-06-17T21:32:10Z,591,6837
rust-lang/rust,1822483,cjgillot,2205,2012-06-06T09:57:01Z,18,61
rust-lang/rust,762626,nrc,2195,2011-05-02T01:04:30Z,163,1555
rust-lang/rust,5751617,petrochenkov,2039,2013-10-22T23:27:49Z,32,211
rust-lang/rust,77424,eddyb,1897,2009-04-24T14:22:07Z,108,668
rust-lang/rust,103023,kennytm,1840,2009-07-08T19:38:04Z,135,863
rust-lang/rust,27786,steveklabnik,1796,2008-10-06T17:40:28Z,835,6962
rust-lang/rust,5047365,Mark-Simulacrum,1788,2013-07-19T13:25:53Z,153,379
rust-lang/rust,9744647,flip1995,1699,2014-11-14T13:11:17Z,78,160
rust-lang/rust,21980157,topecongiro,1615,2016-09-04T03:50:32Z,197,84
rust-lang/rust,427212,catamorphism,1523,2010-10-04T22:32:16Z,42,96
rust-lang/rust,29864074,lcnr,1441,2017-07-03T13:05:44Z,111,433
rust-lang/rust,23638587,jyn514,1354,2016-11-21T16:25:48Z,216,604
rust-lang/rust,46493976,workingjubilee,1321,2019-01-08T15:53:47Z,257,246
rust-lang/rust,173127,pnkfelix,1314,2009-12-28T17:07:09Z,263,511
rust-lang/rust,783247,m-ou-se,1310,2011-05-12T07:32:26Z,104,3303
rust-lang/rust,308347,lnicola,1259,2010-06-18T06:09:29Z,191,170
rust-lang/rust,1593513,notriddle,1199,2012-03-31T15:59:29Z,254,79
rust-lang/rust,1825894,michaelwoerister,1176,2012-06-07T07:02:41Z,65,155
rust-lang/rust,416575,frewsxcv,1135,2010-09-26T17:09:42Z,679,539
rust-lang/rust,3943692,varkor,1091,2013-03-22T17:55:28Z,61,538
rust-lang/rust,2299951,pietroalbini,1086,2012-09-07T14:03:06Z,60,575
rust-lang/rust,144427,marijnh,1007,2009-10-25T14:34:39Z,47,6726
rust-lang/rust,52642,spastorino,980,2009-02-07T20:41:20Z,108,1087
rust-lang/rust,20290842,Zalathar,933,2016-07-05T01:37:40Z,11,19
rust-lang/rust,39484203,jieyouxu,924,2018-05-21T09:55:59Z,67,144
rust-lang/rust,43198,ehuss,899,2008-12-29T20:01:15Z,172,229
rust-lang/rust,38225716,WaffleLapkin,883,2018-04-09T18:33:49Z,97,323
rust-lang/rust,906069,flodiebold,871,2011-07-10T14:04:49Z,47,94
rust-lang/rust,37223377,camelid,839,2018-03-09T18:06:59Z,66,83
rust-lang/rust,8652869,jseyfried,813,2014-09-04T07:52:25Z,14,49
rust-lang/rust,1203825,huonw,809,2011-11-18T07:01:06Z,323,722
rust-lang/rust,25784,Zoxc,793,2008-09-22T19:25:35Z,105,121
rust-lang/rust,1408859,Aaron1011,791,2012-02-04T22:25:06Z,492,469
rust-lang/rust,36186,cuviper,783,2008-11-23T18:56:49Z,272,634
rust-lang/rust,1505226,thestinger,780,2012-03-06T01:55:09Z,9,0
rust-lang/rust,1295100,davidtwco,764,2011-12-30T14:26:55Z,53,337
rust-lang/rust,29463364,ecstatic-morse,764,2017-06-15T17:37:09Z,64,39
rust-lang/rust,8827840,mark-i-m,746,2014-09-19T02:41:16Z,93,217
rust-lang/rust,84711,erickt,741,2009-05-14T22:03:24Z,248,269
rust-lang/rust,4200835,llogiq,704,2013-04-19T11:28:17Z,219,696
rust-lang/rust,1940490,dtolnay,694,2012-07-09T03:55:40Z,114,8433
rust-lang/rust,6783654,Nadrieril,687,2014-02-25T15:02:25Z,83,79
rust-lang/rust,2042399,phansch,681,2012-07-25T19:36:09Z,123,138
rust-lang/rust,14913065,fmease,678,2015-09-30T19:07:04Z,23,46
rust-lang/rust,51362316,tmiasko,677,2019-06-04T09:09:29Z,7,0
rust-lang/rust,20113453,matthewjasper,672,2016-06-23T16:12:40Z,20,46
rust-lang/rust,584972,antoyo,661,2011-01-26T17:19:21Z,138,419
rust-lang/rust,3751788,mcarton,660,2013-03-02T22:45:51Z,68,104
rust-lang/rust,18526288,scottmcm,654,2016-04-18T07:58:46Z,37,0
rust-lang/rust,588486,tshepang,639,2011-01-28T15:00:39Z,243,157
rust-lang/rust,2280544,tmandry,638,2012-09-04T21:13:03Z,109,353
rust-lang/rust,105766,eholk,623,2009-07-16T21:45:09Z,94,387
rust-lang/rust,4539057,Kobzol,597,2013-05-27T10:14:24Z,223,793
rust-lang/rust,39852038,onur-ozkan,589,2018-06-02T08:12:42Z,52,137
rust-lang/rust,43851243,fee1-dead,586,2018-10-04T12:52:56Z,97,167
rust-lang/rust,26806,solson,576,2008-09-29T22:05:51Z,79,219
rust-lang/rust,7761774,Jarcho,573,2014-06-01T17:23:38Z,24,16
rust-lang/rust,4325700,kjeremy,571,2013-05-02T21:15:25Z,63,34
rust-lang/rust,48135649,Noratrieb,559,2019-03-01T18:44:47Z,173,159
rust-lang/rust,11014119,edwin0cheng,532,2015-02-15T07:37:24Z,67,69
rust-lang/rust,247183,lqd,526,2010-04-19T10:12:09Z,85,152
rust-lang/rust,3616612,Urgau,526,2013-02-17T09:31:18Z,47,29
rust-lang/rust,563826,calebzulawski,505,2011-01-14T00:56:17Z,93,88
rust-lang/rust,8872119,est31,495,2014-09-23T07:15:09Z,212,205
rust-lang/rust,3161395,jhpratt,494,2013-01-01T00:56:51Z,23,223
rust-lang/rust,12105168,saethlin,486,2015-04-24T21:06:45Z,232,98
rust-lang/rust,15225902,tesuji,483,2015-10-21T05:42:17Z,225,34
rust-lang/rust,13724985,tgross35,460,2015-08-10T04:08:12Z,143,44
rust-lang/rust,3209739,bluss,448,2013-01-07T21:03:35Z,148,591
rust-lang/rust,831192,wesleywiser,443,2011-06-05T18:35:47Z,47,230
rust-lang/rust,4459874,ChrisDenton,436,2013-05-17T19:09:21Z,63,50
rust-lang/rust,340349,msullivan,432,2010-07-22T02:16:02Z,51,231
rust-lang/rust,1065730,the8472,425,2011-09-20T17:43:05Z,44,104
rust-lang/rust,2690773,SomeoneToIgnore,423,2012-10-31T11:41:43Z,3,173
rust-lang/rust,278509,Amanieu,421,2010-05-16T16:41:16Z,100,779
rust-lang/rust,5565418,camsteffen,417,2013-09-28T17:36:46Z,79,25
rust-lang/rust,679122,nagisa,401,2011-03-19T20:34:26Z,122,351
rust-lang/rust,31162821,jackh726,396,2017-08-19T15:14:37Z,22,123
rust-lang/rust,1455697,sfackler,396,2012-02-21T00:48:31Z,176,927
rust-lang/rust,287063,luqmana,385,2010-05-25T21:06:46Z,72,166
rust-lang/rust,21149742,BoxyUwU,383,2016-08-21T01:21:57Z,54,302
rust-lang/rust,13042488,calebcartwright,375,2015-06-25T02:27:10Z,68,99
rust-lang/rust,41065217,TaKO8Ki,372,2018-07-10T13:52:50Z,212,390
rust-lang/rust,704250,emberian,370,2011-04-01T18:35:53Z,308,332
rust-lang/rust,547158,sophiajt,365,2011-01-04T15:44:31Z,125,1531
rust-lang/rust,17087237,xFrednet,360,2016-02-05T17:12:26Z,40,66
rust-lang/rust,1820515,bblum,356,2012-06-05T19:12:09Z,25,37
rust-lang/rust,30553356,y21,351,2017-07-29T14:55:07Z,61,77
rust-lang/rust,1830331,Alexendoo,351,2012-06-08T11:17:02Z,99,89
rust-lang/rust,1255413,marcusklaas,346,2011-12-11T12:40:43Z,46,63
rust-lang/rust,216080,nikic,338,2010-03-04T21:22:25Z,111,6339
rust-lang/rust,13556931,clubby789,332,2015-07-29T14:25:42Z,94,101
rust-lang/rust,3750347,ljedrz,328,2013-03-02T18:36:08Z,65,147
rust-lang/rust,31802960,pvdrz,320,2017-09-09T16:29:00Z,25,62
rust-lang/rust,230646,chenyukang,318,2010-03-26T01:51:14Z,210,959
rust-lang/rust,38361244,LeSeulArtichaut,314,2018-04-13T18:22:55Z,80,64
rust-lang/rust,45249,sanxiyn,313,2009-01-09T02:56:44Z,62,360
rust-lang/rust,226617,jbclements,312,2010-03-20T04:34:29Z,144,176
rust-lang/rust,4065244,nbdd0121,310,2013-04-05T03:53:10Z,140,235
rust-lang/rust,162737,joshtriplett,301,2009-12-05T09:18:40Z,246,1156
rust-lang/rust,535218,lkuper,291,2010-12-24T03:15:52Z,71,441
rust-lang/rust,1782831,klensy,285,2012-05-27T13:39:12Z,70,26
rust-lang/rust,96022417,Oneirical,270,2021-12-12T19:30:02Z,14,41
rust-lang/rust,6666593,tbu-,269,2014-02-12T22:52:58Z,81,10
rust-lang/rust,709807,aturon,269,2011-04-05T01:59:33Z,74,1112
rust-lang/rust,5217170,QuietMisdreavus,257,2013-08-12T22:33:30Z,85,211
rust-lang/rust,230962,dotdash,256,2010-03-26T14:02:29Z,19,30
rust-lang/rust,1136864,Gankra,255,2011-10-18T21:27:17Z,126,1363
rust-lang/rust,7091080,sinkuu,251,2014-03-28T10:38:18Z,106,16
rust-lang/rust,14314532,weihanglo,244,2015-09-16T14:29:23Z,38,542
rust-lang/rust,24700207,ChayimFriedman2,241,2016-12-21T15:10:41Z,76,17
rust-lang/rust,714,lilyball,239,2008-02-23T22:42:52Z,158,953
rust-lang/rust,45197576,HKalbasi,239,2018-11-20T09:43:13Z,135,87
rust-lang/rust,10408,olsonjeffery,236,2008-05-15T16:42:36Z,62,36
rust-lang/rust,49699333,dependabot[bot],235,2019-04-16T22:34:25Z,0,0
rust-lang/rust,1933999,cixtor,227,2012-07-06T20:35:13Z,69,236
rust-lang/rust,35686186,csmoe,226,2018-01-22T09:36:38Z,46,109
rust-lang/rust,71934879,b-naber,223,2020-09-26T14:32:51Z,4,12
rust-lang/rust,25721079,joboet,223,2017-02-12T11:44:59Z,16,21
rust-lang/rust,24381114,lowr,222,2016-12-05T05:32:34Z,12,1
rust-lang/rust,44656,samueltardieu,211,2009-01-06T20:08:10Z,102,177
rust-lang/rust,1372438,euclio,207,2012-01-23T21:01:27Z,197,75
rust-lang/rust,7189418,ollie27,202,2014-04-05T14:04:44Z,32,29
rust-lang/rust,28781354,aDotInTheVoid,201,2017-05-18T11:55:03Z,167,78
rust-lang/rust,1174646,mati865,200,2011-11-05T16:39:04Z,144,60
rust-lang/rust,695077,brendanzab,196,2011-03-28T13:17:27Z,110,800
rust-lang/rust,7673145,erikdesjardins,195,2014-05-22T20:18:14Z,79,18
rust-lang/rust,3093213,Xanewok,193,2012-12-20T21:44:39Z,113,132
rust-lang/rust,4464295,XAMPPRocky,190,2013-05-18T11:34:54Z,137,689
rust-lang/rust,4503403,sunfishcode,190,2013-05-22T21:05:44Z,220,1295
rust-lang/rust,67036,alexreg,189,2009-03-25T14:34:02Z,148,59
rust-lang/rust,8644784,apasel422,189,2014-09-03T16:55:43Z,10,82
rust-lang/rust,14150873,jakubadamw,189,2015-09-06T16:08:10Z,75,25
rust-lang/rust,43724913,taiki-e,189,2018-09-30T14:12:50Z,256,829
rust-lang/rust,17877264,c410-f3r,188,2016-03-16T11:01:18Z,192,77
rust-lang/rust,13816,flaper87,181,2008-06-15T18:02:04Z,193,203
rust-lang/rust,144359,birkenfeld,181,2009-10-25T09:35:55Z,163,881
rust-lang/rust,1076988,zackmdavis,181,2011-09-24T19:17:34Z,76,142
rust-lang/rust,10174877,ssomers,179,2014-12-13T09:17:58Z,33,4
rust-lang/rust,73757586,blyxyas,179,2020-10-31T19:03:31Z,69,63
rust-lang/rust,1431,paulstansifer,175,2008-02-28T05:12:07Z,31,55
rust-lang/rust,36276403,Veetaha,172,2018-02-08T18:06:28Z,148,81
rust-lang/rust,114838443,Centri3,172,2022-10-01T23:40:57Z,29,24
rust-lang/rust,7951708,poliorcetics,167,2014-06-21T16:49:47Z,69,26
rust-lang/rust,795879,scampi,163,2011-05-18T14:00:53Z,69,25
rust-lang/rust,17700217,roife,163,2016-03-07T09:36:27Z,39,455
rust-lang/rust,5555066,canndrew,158,2013-09-27T04:50:03Z,149,65
rust-lang/rust,1178249,TimNN,156,2011-11-07T15:43:49Z,111,83
rust-lang/rust,115040,Enselic,154,2009-08-13T18:06:14Z,84,89
rust-lang/rust,1535036,tamird,154,2012-03-14T01:31:01Z,26,237
rust-lang/rust,3203809,vadimcn,154,2013-01-07T07:06:08Z,38,144
rust-lang/rust,816908,ebroto,151,2011-05-29T10:45:28Z,21,41
rust-lang/rust,2090772,ijackson,151,2012-08-03T17:01:10Z,54,20
rust-lang/rust,3827298,richkadel,151,2013-03-11T01:09:29Z,35,14
rust-lang/rust,904614,gnzlbg,151,2011-07-09T12:49:56Z,188,335
rust-lang/rust,1673130,Nashenas88,150,2012-04-24T03:34:30Z,98,23
rust-lang/rust,20956650,alibektas,150,2016-08-10T19:49:20Z,3,27
rust-lang/rust,4687791,pickfire,150,2013-06-13T10:38:37Z,242,155
rust-lang/rust,5963049,cramertj,150,2013-11-17T20:41:30Z,91,395
rust-lang/rust,11176562,CDirkx,149,2015-02-24T13:22:16Z,7,2
rust-lang/rust,35515885,smoelius,147,2018-01-17T04:04:32Z,43,60
rust-lang/rust,47007,durka,147,2009-01-16T05:51:27Z,196,68
rust-lang/rust,7675847,JulianKnodt,147,2014-05-23T04:06:25Z,158,120
rust-lang/rust,860665,thomcc,146,2011-06-20T02:14:06Z,279,320
rust-lang/rust,2903206,Kimundi,146,2012-11-27T15:20:18Z,72,144
rust-lang/rust,90461915,ouz-a,146,2021-09-10T13:53:41Z,9,16
rust-lang/rust,444997,kmcallister,146,2010-10-19T05:47:17Z,124,261
rust-lang/rust,1327285,rylev,145,2012-01-13T09:36:58Z,179,1402
rust-lang/rust,977627,bugadani,142,2011-08-13T10:24:45Z,148,97
rust-lang/rust,5992217,CAD97,141,2013-11-20T15:24:40Z,143,164
rust-lang/rust,5018213,japaric,140,2013-07-16T03:15:35Z,119,1509
rust-lang/rust,476418,richo,139,2010-11-10T21:36:57Z,374,365
rust-lang/rust,195060,killerswan,136,2010-02-03T03:38:51Z,47,31
rust-lang/rust,12683889,ThibsG,135,2015-05-31T14:15:10Z,22,17
rust-lang/rust,5196584,aochagavia,135,2013-08-09T10:21:36Z,78,200
rust-lang/rust,254973,jld,134,2010-04-28T00:43:41Z,83,25
rust-lang/rust,17407489,giraffate,130,2016-02-22T12:44:05Z,72,26
rust-lang/rust,36049421,DJMcNab,129,2018-02-01T18:13:23Z,67,63
rust-lang/rust,62505555,vsrs,129,2020-03-22T12:27:58Z,16,8
rust-lang/rust,174509,shepmaster,128,2009-12-31T03:20:20Z,274,1093
rust-lang/rust,1589355,klutzy,123,2012-03-30T04:57:31Z,43,86
rust-lang/rust,5920,mbrubeck,123,2008-04-08T21:04:59Z,344,600
rust-lang/rust,12111581,popzxc,122,2015-04-25T12:28:06Z,39,221
rust-lang/rust,19642016,pierwill,122,2016-05-30T03:52:50Z,98,49
rust-lang/rust,451806,crlf0710,121,2010-10-24T12:21:25Z,146,289
rust-lang/rust,13354275,DropDemBits,121,2015-07-15T18:16:10Z,26,10
rust-lang/rust,51179609,JakobDegen,121,2019-05-29T22:59:09Z,23,40
rust-lang/rust,14816024,oxalica,120,2015-09-24T05:16:58Z,116,455
rust-lang/rust,29028348,ytmimi,120,2017-05-28T22:56:01Z,41,19
rust-lang/rust,181772,divergentdave,118,2010-01-13T22:54:29Z,247,63
rust-lang/rust,1629419,marmeladema,117,2012-04-10T13:22:50Z,57,33
rust-lang/rust,35149715,celinval,116,2018-01-05T19:38:41Z,19,33
rust-lang/rust,71162630,Young-Flash,116,2020-09-12T03:11:25Z,30,82
rust-lang/rust,761151,eduardosm,116,2011-04-30T21:23:39Z,23,16
rust-lang/rust,7741236,jackpot51,115,2014-05-30T00:16:07Z,80,2233
rust-lang/rust,332294,faern,115,2010-07-14T20:15:00Z,124,180
rust-lang/rust,10829914,DianQK,114,2015-02-03T12:15:24Z,84,1194
rust-lang/rust,16052130,FabianWolff,112,2015-11-27T21:20:21Z,21,1
rust-lang/rust,28497461,aliemjay,111,2017-05-07T04:25:28Z,42,34
rust-lang/rust,5719034,bnjjj,111,2013-10-18T14:39:26Z,86,171
rust-lang/rust,4922778,devnexen,110,2013-07-02T16:17:37Z,295,208
rust-lang/rust,123903,froystig,110,2009-09-06T19:02:57Z,6,333
rust-lang/rust,7998310,fasterthanlime,109,2014-06-26T17:10:33Z,482,4274
rust-lang/rust,10542892,ShoyuVanilla,109,2015-01-15T06:22:00Z,51,33
rust-lang/rust,7949978,folkertdev,108,2014-06-21T11:14:21Z,116,133
rust-lang/rust,82285787,GrigorenkoPV,108,2021-04-10T18:40:20Z,29,0
rust-lang/rust,1993852,yaahc,106,2012-07-17T20:08:25Z,143,1798
rust-lang/rust,30187863,bvanjoi,106,2017-07-14T23:04:24Z,43,100
rust-lang/rust,7034308,cbeuw,104,2014-03-22T21:43:49Z,54,311
rust-lang/rust,5888473,stlankes,103,2013-11-08T12:59:57Z,61,98
rust-lang/rust,10577181,madsmtm,103,2015-01-17T20:47:51Z,172,132
rust-lang/rust,72159,kornelski,103,2009-04-09T14:50:19Z,390,2006
rust-lang/rust,3986214,steffahn,103,2013-03-27T15:02:54Z,42,91
rust-lang/rust,4193035,arora-aman,103,2013-04-18T15:44:43Z,24,80
rust-lang/rust,2467194,yoshuawuyts,101,2012-10-01T21:40:46Z,840,3161
rust-lang/rust,10530973,syvb,101,2015-01-14T12:34:30Z,179,66
rust-lang/rust,2101303,bkoropoff,101,2012-08-06T05:30:30Z,29,30
rust-lang/rust,450489,fhahn,101,2010-10-23T01:19:04Z,18,150
rust-lang/rust,13342132,CraftSpider,101,2015-07-15T01:33:10Z,97,35
rust-lang/rust,4726680,vipentti,99,2013-06-18T08:46:33Z,44,4
rust-lang/rust,22216761,JoshMcguigan,98,2016-09-15T12:23:25Z,126,217
rust-lang/rust,1297598,KamilaBorowska,97,2012-01-01T16:49:41Z,413,88
rust-lang/rust,933552,davidalber,97,2011-07-23T01:10:25Z,47,23
rust-lang/rust,329626,newpavlov,97,2010-07-12T13:48:27Z,78,174
rust-lang/rust,19316085,beepster4096,96,2016-05-11T23:38:16Z,26,7
rust-lang/rust,37087391,Urhengulas,96,2018-03-05T21:23:50Z,83,88
rust-lang/rust,18604588,tspiteri,96,2016-04-21T23:13:51Z,23,15
rust-lang/rust,193874,carols10cents,93,2010-02-01T14:48:19Z,167,1901
rust-lang/rust,994978,Ryman,93,2011-08-21T21:55:14Z,399,99
rust-lang/rust,8355914,zachs18,93,2014-08-04T20:51:47Z,93,12
rust-lang/rust,6868531,memoryruins,92,2014-03-06T03:04:25Z,99,0
rust-lang/rust,19915050,lolbinarycat,92,2016-06-13T18:34:37Z,90,11
rust-lang/rust,34988408,ibraheemdev,92,2017-12-31T18:54:35Z,35,626
rust-lang/rust,29509279,dianne,91,2017-06-17T18:51:42Z,4,0
rust-lang/rust,6376004,Y-Nak,91,2014-01-11T11:59:50Z,40,112
rust-lang/rust,663326,willcrichton,91,2011-03-11T03:02:36Z,181,988
rust-lang/rust,1641515,nyurik,90,2012-04-13T20:30:52Z,377,305
rust-lang/rust,2067774,davidbarsky,90,2012-07-30T22:35:14Z,101,302
rust-lang/rust,7803845,iDawer,90,2014-06-05T09:48:22Z,8,1
rust-lang/rust,3107142,Xiretza,90,2012-12-22T21:39:08Z,125,25
rust-lang/rust,24687641,kckeiks,89,2016-12-21T00:46:54Z,65,18
rust-lang/rust,45660393,GnomedDev,88,2018-12-06T12:42:20Z,78,64
rust-lang/rust,20269,durin42,87,2008-08-11T14:32:43Z,30,40
rust-lang/rust,30644300,jumbatm,86,2017-08-02T03:12:51Z,17,5
rust-lang/rust,68270294,SparrowLii,86,2020-07-14T07:26:57Z,16,90
rust-lang/rust,2311707,hanna-kruppe,85,2012-09-09T15:10:41Z,29,59
rust-lang/rust,19508,lht,85,2008-08-04T15:08:57Z,37,30
rust-lang/rust,6884440,dingxiangfei2009,84,2014-03-07T14:51:38Z,76,39
rust-lang/rust,32276130,J-ZhengLi,84,2017-09-25T18:19:17Z,23,18
rust-lang/rust,5758008,detrumi,84,2013-10-23T16:20:46Z,18,52
rust-lang/rust,117768111,gaurikholkar,84,2022-11-08T18:19:10Z,1,0
rust-lang/rust,803976,gilescope,83,2011-05-22T20:55:52Z,258,180
rust-lang/rust,2777107,Vannevelj,82,2012-11-12T09:47:27Z,45,49
rust-lang/rust,311082,mbebenita,81,2010-06-21T20:24:51Z,51,266
rust-lang/rust,38062690,Ezrashaw,80,2018-04-04T05:25:14Z,26,14
rust-lang/rust,5489149,jhgg,80,2013-09-18T18:46:16Z,95,651
rust-lang/rust,1309829,reitermarkus,80,2012-01-06T16:48:29Z,272,291
rust-lang/rust,392868,chris-morgan,80,2010-09-09T03:15:12Z,153,334
rust-lang/rust,1173131,scalexm,79,2011-11-04T18:56:27Z,23,66
rust-lang/rust,107947675,beetrees,79,2022-06-21T17:06:30Z,18,0
rust-lang/rust,9885558,leoyvens,79,2014-11-21T16:13:21Z,37,177
rust-lang/rust,6785936,mitaa,78,2014-02-25T19:02:04Z,17,2
rust-lang/rust,44697459,dswij,78,2018-11-02T09:16:50Z,39,20
rust-lang/rust,573768,barosl,78,2011-01-20T02:06:47Z,81,133
rust-lang/rust,8948701,semarie,77,2014-09-28T15:57:52Z,23,61
rust-lang/rust,12389383,ishitatsuyuki,77,2015-05-11T05:44:44Z,172,231
rust-lang/rust,12975677,rail-rain,77,2015-06-20T07:02:09Z,9,3
rust-lang/rust,30163784,jachris,77,2017-07-14T00:41:41Z,4,6
rust-lang/rust,3089613,eggyal,77,2012-12-20T12:11:48Z,54,8
rust-lang/rust,180104,tetsuharuohzeki,77,2010-01-11T15:56:23Z,103,127
rust-lang/rust,7864326,devonhollowood,76,2014-06-11T21:43:27Z,50,16
rust-lang/rust,9020423,SkiFire13,76,2014-10-04T18:30:57Z,65,47
rust-lang/rust,41755,qnighy,76,2008-12-20T07:16:39Z,226,305
rust-lang/rust,3222276,yichoi,75,2013-01-09T04:26:27Z,5,11
rust-lang/rust,57856193,hkmatsumoto,75,2019-11-17T07:08:44Z,54,94
rust-lang/rust,865233,bstrie,75,2011-06-21T20:20:59Z,69,110
rust-lang/rust,1974256,theotherphil,75,2012-07-14T09:27:35Z,42,18
rust-lang/rust,209321,kiljacken,74,2010-02-23T17:20:44Z,13,30
rust-lang/rust,1835307,yotamofek,74,2012-06-10T10:28:11Z,41,32
rust-lang/rust,10054343,czipperz,73,2014-12-03T00:42:45Z,147,26
rust-lang/rust,2055302,ftxqxd,73,2012-07-28T04:27:08Z,38,21
rust-lang/rust,29879298,Rustin170506,73,2017-07-04T03:14:28Z,185,668
rust-lang/rust,20063,killercup,72,2008-08-08T19:37:10Z,351,924
rust-lang/rust,6721458,KodrAus,71,2014-02-18T23:18:28Z,153,281
rust-lang/rust,779501,kpreid,71,2011-05-10T15:59:11Z,102,238
rust-lang/rust,2133026,Ryan1729,71,2012-08-11T01:43:34Z,175,10
rust-lang/rust,198396,srinivasreddy,70,2010-02-06T14:38:02Z,38,106
rust-lang/rust,11428655,marcoieni,69,2015-03-11T17:56:04Z,153,320
rust-lang/rust,6751033,mikeyhew,69,2014-02-21T19:21:00Z,101,5
rust-lang/rust,1678126,malbarbo,69,2012-04-25T11:53:00Z,40,87
rust-lang/rust,5456384,Lokathor,69,2013-09-14T03:47:57Z,64,362
rust-lang/rust,696509,jroesch,69,2011-03-29T04:37:01Z,148,383
rust-lang/rust,1506030,ranma42,69,2012-03-06T07:49:47Z,68,46
rust-lang/rust,3356767,pczarn,68,2013-01-23T16:33:38Z,82,131
rust-lang/rust,52933714,rmehri01,68,2019-07-15T18:54:16Z,36,42
rust-lang/rust,21277928,TimDiekmann,68,2016-08-27T12:37:33Z,35,56
rust-lang/rust,676417,z0w0,68,2011-03-18T03:55:32Z,7,57
rust-lang/rust,88239847,Rejyr,68,2021-07-31T13:38:14Z,6,6
rust-lang/rust,6812281,anp,67,2014-02-28T04:38:34Z,75,551
rust-lang/rust,47725341,a1phyr,67,2019-02-17T22:05:03Z,61,21
rust-lang/rust,111161,Ms2ger,67,2009-08-02T19:18:23Z,151,292
rust-lang/rust,9676954,rchaser53,66,2014-11-11T14:19:35Z,241,39
rust-lang/rust,34665709,asquared31415,66,2017-12-19T00:16:37Z,46,17
rust-lang/rust,27658,jdm,66,2008-10-05T18:56:00Z,229,579
rust-lang/rust,22821514,nivkner,66,2016-10-13T17:07:14Z,55,2
rust-lang/rust,79955405,Jules-Bertholet,66,2021-03-03T03:24:39Z,77,26
rust-lang/rust,162027,treeman,65,2009-12-04T17:55:15Z,57,106
rust-lang/rust,731722,Havvy,65,2011-04-15T14:52:38Z,105,48
rust-lang/rust,1766128,denismerigoux,64,2012-05-22T17:09:52Z,31,135
rust-lang/rust,7419664,LukasKalbertodt,64,2014-04-27T11:13:25Z,88,343
rust-lang/rust,5961244,cynecx,64,2013-11-17T14:43:58Z,93,29
rust-lang/rust,16212576,unexge,64,2015-12-08T18:35:49Z,46,55
rust-lang/rust,4866051,vemoo,63,2013-06-28T11:18:55Z,57,8
rust-lang/rust,10286488,JOE1994,63,2014-12-24T04:39:12Z,30,50
rust-lang/rust,692547,jruderman,63,2011-03-26T21:16:10Z,21,51
rust-lang/rust,3736990,hkratz,63,2013-03-01T10:32:29Z,33,37
rust-lang/rust,29749111,DevinR528,63,2017-06-28T07:57:06Z,91,49
rust-lang/rust,15850505,clarfonthey,62,2015-11-14T20:30:57Z,95,42
rust-lang/rust,69764315,Serial-ATA,62,2020-08-16T17:00:14Z,40,13
rust-lang/rust,7629727,jeremystucki,62,2014-05-19T11:02:22Z,26,70
rust-lang/rust,1068853,gurry,62,2011-09-21T19:06:17Z,70,11
rust-lang/rust,45986823,Giga-Bowser,61,2018-12-19T04:25:09Z,10,3
rust-lang/rust,56830709,raoulstrackx,61,2019-10-21T12:54:52Z,25,4
rust-lang/rust,22333129,inquisitivecrystal,61,2016-09-20T23:20:48Z,26,10
rust-lang/rust,55319043,tiif,60,2019-09-14T12:36:09Z,14,12
rust-lang/rust,7249331,surechen,60,2014-04-10T09:41:32Z,10,14
rust-lang/rust,546409,nham,60,2011-01-04T03:21:28Z,128,25
rust-lang/rust,39644970,lapla-cogito,60,2018-05-26T08:10:50Z,31,22
rust-lang/rust,1407733,heiher,60,2012-02-04T10:03:51Z,39,433
rust-lang/rust,17287790,kylematsuda,60,2016-02-17T06:43:44Z,19,6
rust-lang/rust,50936,kamalmarhubi,60,2009-02-01T19:23:40Z,167,327
rust-lang/rust,1428731,Dretch,60,2012-02-11T11:20:26Z,55,0
rust-lang/rust,10927717,usbalbin,59,2015-02-09T18:04:50Z,65,5
rust-lang/rust,1396101,bryangarza,59,2012-01-31T23:03:24Z,86,133
rust-lang/rust,138017,regexident,59,2009-10-10T19:52:03Z,103,209
rust-lang/rust,448274,osa1,59,2010-10-21T13:24:02Z,134,436
rust-lang/rust,81079,Nemo157,59,2009-05-05T06:56:31Z,313,221
rust-lang/rust,303663,luisbg,58,2010-06-12T17:47:07Z,88,90
rust-lang/rust,83271,fhartwig,58,2009-05-11T14:45:13Z,51,20
rust-lang/rust,18697981,denisvasilik,58,2016-04-27T09:50:51Z,86,11
rust-lang/rust,47979223,rustbot,57,2019-02-25T13:21:12Z,2,69
rust-lang/rust,167209,omasanori,57,2009-12-14T04:31:09Z,17,488
rust-lang/rust,1054456,ojeda,57,2011-09-15T21:51:42Z,21,628
rust-lang/rust,29306214,krasimirgg,57,2017-06-09T12:56:25Z,29,5
rust-lang/rust,1271492,kevina,57,2011-12-18T21:49:04Z,25,35
rust-lang/rust,66734,qmx,57,2009-03-24T21:40:51Z,315,433
rust-lang/rust,24142,ben0x539,57,2008-09-11T12:59:07Z,98,47
rust-lang/rust,1250894,adrientetar,57,2011-12-08T22:11:49Z,19,128
rust-lang/rust,56031107,kraktus,56,2019-10-01T12:49:49Z,169,49
rust-lang/rust,14945055,koka831,56,2015-10-02T18:17:44Z,63,17
rust-lang/rust,70800,Wilfred,56,2009-04-05T21:52:10Z,439,1122
rust-lang/rust,739070,dns2utf8,56,2011-04-19T13:35:47Z,181,92
rust-lang/rust,41484652,krishna-veerareddy,56,2018-07-20T16:27:10Z,8,1
rust-lang/rust,8074468,eopb,56,2014-07-05T11:29:04Z,131,79
rust-lang/rust,4556097,h-michael,55,2013-05-29T04:20:00Z,77,144
rust-lang/rust,18747072,JhonnyBillM,55,2016-04-30T03:09:47Z,25,12
rust-lang/rust,52674,Blei,55,2009-02-07T23:53:37Z,16,27
rust-lang/rust,667901,tomjakubowski,55,2011-03-14T03:52:51Z,182,66
rust-lang/rust,10580822,dpaoliello,54,2015-01-18T06:11:55Z,47,14
rust-lang/rust,222942,Keruspe,54,2010-03-15T10:59:37Z,170,253
rust-lang/rust,12419401,roxelo,54,2015-05-12T23:00:10Z,4,36
rust-lang/rust,9063376,withoutboats,54,2014-10-08T00:46:37Z,71,1968
rust-lang/rust,7472843,davidsemakula,53,2014-05-03T08:06:07Z,39,35
rust-lang/rust,9827696,zacps,53,2014-11-18T18:30:46Z,48,53
rust-lang/rust,173219,vi,53,2009-12-28T20:09:42Z,246,343
rust-lang/rust,3668166,tgnottingham,53,2013-02-22T09:32:39Z,26,5
rust-lang/rust,2770647,simonvandel,53,2012-11-11T09:26:41Z,70,7
rust-lang/rust,164213,gifnksm,53,2009-12-08T05:09:25Z,69,58
rust-lang/rust,28969,stepancheg,52,2008-10-14T21:11:14Z,163,496
rust-lang/rust,140199,vhbit,52,2009-10-15T14:31:57Z,108,36
rust-lang/rust,55424,seivan,52,2009-02-18T01:43:56Z,22,169
rust-lang/rust,3148704,lukaslueg,52,2012-12-29T15:20:01Z,29,62
rust-lang/rust,6864584,Voultapher,52,2014-03-05T17:52:49Z,68,98
rust-lang/rust,19656507,JarredAllen,52,2016-05-30T22:08:31Z,61,12
rust-lang/rust,32459019,irinagpopa,52,2017-10-02T14:38:43Z,3,0
rust-lang/rust,591682,anasazi,52,2011-01-30T20:18:23Z,11,10
rust-lang/rust,6496454,azdavis,51,2014-01-24T23:52:58Z,34,69
rust-lang/rust,13580199,sasurau4,51,2015-07-31T00:42:47Z,82,63
rust-lang/rust,8983542,davidlattimore,51,2014-10-01T11:09:39Z,47,294
rust-lang/rust,18645382,LingMan,51,2016-04-24T15:45:23Z,50,7
rust-lang/rust,50972773,kyoto7250,50,2019-05-24T01:01:37Z,96,11
rust-lang/rust,238325,xobs,50,2010-04-06T23:14:28Z,340,640
rust-lang/rust,5663581,mikhail-m1,50,2013-10-11T10:53:28Z,11,2
rust-lang/rust,1647645,glaubitz,50,2012-04-16T10:16:56Z,145,79
rust-lang/rust,510012,gfreezy,49,2010-12-05T07:09:32Z,169,105
rust-lang/rust,1645124,daxpedda,49,2012-04-15T12:31:34Z,115,55
rust-lang/rust,32646674,veera-sivarajan,49,2017-10-09T16:07:38Z,64,40
rust-lang/rust,11885535,tnielens,49,2015-04-10T10:28:50Z,20,10
rust-lang/rust,6806266,LinkTed,49,2014-02-27T15:17:24Z,17,10
rust-lang/rust,3248587,KiChjang,49,2013-01-11T23:24:48Z,105,229
rust-lang/rust,22172241,jdonszelmann,49,2016-09-13T12:37:03Z,193,79
rust-lang/rust,1050652,aidanhs,49,2011-09-14T15:43:13Z,201,324
rust-lang/rust,3112514,ahmedcharles,48,2012-12-24T00:47:47Z,42,34
rust-lang/rust,8961915,ellishg,48,2014-09-29T17:25:14Z,42,19
rust-lang/rust,5787066,TeXitoi,48,2013-10-27T14:29:20Z,79,219
rust-lang/rust,17734409,nathanwhit,48,2016-03-09T01:26:17Z,187,41
rust-lang/rust,54103142,obeis,48,2019-08-14T10:20:31Z,119,53
rust-lang/rust,506953,ruuda,48,2010-12-02T18:09:36Z,122,356
rust-lang/rust,530939,sunjay,48,2010-12-20T19:04:26Z,107,306
rust-lang/rust,40687700,dfireBird,47,2018-06-29T08:15:51Z,36,36
rust-lang/rust,50886,boggle,47,2009-02-01T14:30:08Z,41,49
rust-lang/rust,301846,sdroege,47,2010-06-10T13:22:04Z,188,413
rust-lang/rust,803701,pitaj,47,2011-05-22T17:14:26Z,60,32
rust-lang/rust,666308,retep998,47,2011-03-12T23:22:07Z,94,323
rust-lang/rust,5838512,CleanCut,47,2013-11-02T14:52:50Z,71,1023
rust-lang/rust,2129,badboy,47,2008-03-04T13:02:54Z,434,983
rust-lang/rust,1357143,afonso360,46,2012-01-20T07:31:41Z,55,12
rust-lang/rust,74931857,albertlarsan68,46,2020-11-23T19:58:57Z,36,48
rust-lang/rust,1774713,jooert,46,2012-05-24T15:47:01Z,17,3
rust-lang/rust,3988004,rcvalle,46,2013-03-27T18:38:34Z,26,170
rust-lang/rust,14003886,ivan770,46,2015-08-27T18:22:30Z,54,25
rust-lang/rust,6968705,ahicks92,45,2014-03-16T20:04:49Z,33,78
rust-lang/rust,157188356,skinnyBat,45,2024-01-20T02:31:47Z,1,0
rust-lang/rust,1557670,tromey,44,2012-03-20T18:12:44Z,77,265
rust-lang/rust,2904179,timvermeulen,44,2012-11-27T17:32:55Z,30,60
rust-lang/rust,35079404,Nicholas-Baron,44,2018-01-03T20:31:14Z,43,20
rust-lang/rust,136037,maurer,44,2009-10-06T23:23:47Z,103,107
rust-lang/rust,239012,lu-zero,44,2010-04-07T20:16:54Z,385,340
rust-lang/rust,9920355,danielhenrymantilla,44,2014-11-23T22:35:10Z,143,232
rust-lang/rust,1914111,alanhdu,44,2012-07-02T13:00:31Z,138,47
rust-lang/rust,4249591,chrissimpkins,43,2013-04-24T21:28:20Z,153,647
rust-lang/rust,3956266,sekineh,43,2013-03-24T14:26:24Z,21,10
rust-lang/rust,425055,jesse99,43,2010-10-03T04:25:05Z,28,9
rust-lang/rust,552646,kraai,43,2011-01-07T23:20:17Z,82,7
rust-lang/rust,6801001,matthew-piziak,43,2014-02-27T04:14:35Z,66,18
rust-lang/rust,176295,jonhoo,42,2010-01-04T19:06:44Z,252,12071
rust-lang/rust,36015,crabtw,42,2008-11-22T14:05:14Z,43,31
rust-lang/rust,90726,nodakai,42,2009-06-01T16:17:09Z,48,18
rust-lang/rust,19221716,saleemjaffer,42,2016-05-06T09:00:29Z,10,3
rust-lang/rust,8584210,5225225,41,2014-08-28T21:01:06Z,124,61
Fannovel16/ComfyUI-Frame-Interpolation,16047777,Fannovel16,109,2015-11-27T13:58:45Z,53,221
Fannovel16/ComfyUI-Frame-Interpolation,8760446,JaredTherriault,7,2014-09-13T14:24:36Z,25,4
Fannovel16/ComfyUI-Frame-Interpolation,13381981,bigcat88,2,2015-07-17T14:04:26Z,14,33
Fannovel16/ComfyUI-Frame-Interpolation,141545542,gavinliukaiber,2,2023-08-06T06:56:37Z,3,1
Fannovel16/ComfyUI-Frame-Interpolation,162922985,haohaocreates,2,2024-03-10T20:59:41Z,904,57
Fannovel16/ComfyUI-Frame-Interpolation,103884097,cavivie,1,2022-04-17T11:33:35Z,37,6
Fannovel16/ComfyUI-Frame-Interpolation,172744619,comfy-pr-bot,1,2024-06-14T06:06:44Z,3,24
Fannovel16/ComfyUI-Frame-Interpolation,24993604,aiXander,1,2017-01-08T20:02:48Z,26,226
Nyanotrasen/Nyanotrasen,22061134,PJBot,2413,2016-09-07T19:43:17Z,0,12
Nyanotrasen/Nyanotrasen,8107459,PJB3005,1756,2014-07-08T21:46:56Z,133,95
Nyanotrasen/Nyanotrasen,60792108,Elijahrane,1675,2020-02-07T17:51:19Z,14,9
Nyanotrasen/Nyanotrasen,31366439,metalgearsloth,1666,2017-08-26T09:25:41Z,22,18
Nyanotrasen/Nyanotrasen,6766154,gradientvera,1201,2014-02-23T23:55:50Z,45,36
Nyanotrasen/Nyanotrasen,60421075,ElectroJr,879,2020-01-29T06:33:36Z,14,7
Nyanotrasen/Nyanotrasen,10968691,DrSmugleaf,592,2015-02-12T01:21:03Z,56,24
Nyanotrasen/Nyanotrasen,98561806,EmoGarbage404,466,2022-01-27T22:51:52Z,8,19
Nyanotrasen/Nyanotrasen,114301317,Vordenburg,456,2022-09-24T15:15:47Z,3,0
Nyanotrasen/Nyanotrasen,19853115,mirrorcult,445,2016-06-10T07:24:43Z,75,21
Nyanotrasen/Nyanotrasen,49448379,SweptWasTaken,401,2019-04-09T15:17:54Z,48,7
Nyanotrasen/Nyanotrasen,110587971,Git-Changelog,397,2022-08-04T05:47:12Z,0,0
Nyanotrasen/Nyanotrasen,99158783,Emisse,357,2022-02-07T04:01:52Z,5,12
Nyanotrasen/Nyanotrasen,10494922,ShadowCommander,237,2015-01-12T07:24:06Z,36,9
Nyanotrasen/Nyanotrasen,7806367,moonheart08,206,2014-06-05T14:32:47Z,48,30
Nyanotrasen/Nyanotrasen,78795277,Peptide90,194,2021-02-09T10:50:46Z,9,3
Nyanotrasen/Nyanotrasen,76629141,vulppine,184,2020-12-26T19:40:20Z,25,7
Nyanotrasen/Nyanotrasen,22304167,20kdc,179,2016-09-19T19:15:33Z,67,27
Nyanotrasen/Nyanotrasen,113523727,Colin-Tel,142,2022-09-14T12:17:20Z,6,1
Nyanotrasen/Nyanotrasen,81056464,wrexbe,140,2021-03-21T00:33:09Z,16,2
Nyanotrasen/Nyanotrasen,107660393,IamVelcroboy,137,2022-06-17T01:37:57Z,7,1
Nyanotrasen/Nyanotrasen,1685952,Acruid,132,2012-04-27T17:37:05Z,9,4
Nyanotrasen/Nyanotrasen,16618384,PaulRitter,131,2016-01-09T02:24:49Z,40,5
Nyanotrasen/Nyanotrasen,39013340,deltanedas,122,2018-05-05T19:28:18Z,155,104
Nyanotrasen/Nyanotrasen,14136326,Morb0,95,2015-09-05T08:02:34Z,85,26
Nyanotrasen/Nyanotrasen,60460608,ZeroDayDaemon,89,2020-01-30T06:07:11Z,13,10
Nyanotrasen/Nyanotrasen,6161335,Macoron,86,2013-12-11T13:38:36Z,49,76
Nyanotrasen/Nyanotrasen,119664036,Chief-Engineer,84,2022-12-02T09:42:27Z,5,0
Nyanotrasen/Nyanotrasen,39844191,Visne,82,2018-06-01T23:31:04Z,33,5
Nyanotrasen/Nyanotrasen,60152240,collinlunn,77,2020-01-21T18:16:32Z,4,0
Nyanotrasen/Nyanotrasen,60196617,AJCM-git,71,2020-01-22T19:29:20Z,7,0
Nyanotrasen/Nyanotrasen,5714543,ike709,70,2013-10-18T01:45:33Z,68,7
Nyanotrasen/Nyanotrasen,98985560,OldDanceJacket,66,2022-02-03T20:47:51Z,8,0
Nyanotrasen/Nyanotrasen,17885980,exp111,66,2016-03-16T17:49:15Z,105,20
Nyanotrasen/Nyanotrasen,8915246,juliangiebel,66,2014-09-25T13:08:58Z,21,12
Nyanotrasen/Nyanotrasen,40753025,Slava0135,63,2018-07-02T06:13:04Z,49,23
Nyanotrasen/Nyanotrasen,43253663,DogZeroX,61,2018-09-13T21:27:47Z,7,1
Nyanotrasen/Nyanotrasen,54602815,keronshb,60,2019-08-27T21:09:13Z,7,2
Nyanotrasen/Nyanotrasen,89101928,themias,60,2021-08-17T19:07:10Z,2,0
Nyanotrasen/Nyanotrasen,9823203,FluffiestFloof,57,2014-11-18T14:08:35Z,22,3
Nyanotrasen/Nyanotrasen,7510010,PrPleGoo,56,2014-05-07T08:35:04Z,12,3
Nyanotrasen/Nyanotrasen,8206401,Moneyl,56,2014-07-19T03:45:25Z,67,12
Nyanotrasen/Nyanotrasen,53582584,TemporalOroboros,52,2019-08-01T20:33:07Z,45,1
Nyanotrasen/Nyanotrasen,6307265,DamianX,51,2014-01-03T00:14:33Z,38,2
Nyanotrasen/Nyanotrasen,3229565,Partmedia,51,2013-01-09T21:46:51Z,25,9
Nyanotrasen/Nyanotrasen,7907891,TimrodDX,48,2014-06-17T01:09:40Z,1,0
Nyanotrasen/Nyanotrasen,7548248,Pangogie,47,2014-05-11T10:44:23Z,4,5
Nyanotrasen/Nyanotrasen,124214523,lzk228,46,2023-02-01T22:54:34Z,17,11
Nyanotrasen/Nyanotrasen,81725545,Pspritechologist,45,2021-04-01T02:08:02Z,22,3
Nyanotrasen/Nyanotrasen,100279397,lapatison,44,2022-02-23T10:00:28Z,5,0
Nyanotrasen/Nyanotrasen,13627350,BurningRash,41,2015-08-03T15:25:58Z,0,1
Nyanotrasen/Nyanotrasen,7108570,ZoldorfTheWizard,41,2014-03-30T17:32:33Z,1,15
Nyanotrasen/Nyanotrasen,71046427,Cheackraze,40,2020-09-09T22:53:36Z,12,2
Nyanotrasen/Nyanotrasen,47410468,Fishfish458,37,2019-02-07T06:07:07Z,8,0
Nyanotrasen/Nyanotrasen,1146204,Ygg01,32,2011-10-23T10:07:00Z,77,14
Nyanotrasen/Nyanotrasen,52474532,Mirino97,32,2019-07-03T00:34:44Z,10,0
Nyanotrasen/Nyanotrasen,6798456,Mervill,32,2014-02-26T21:38:39Z,34,39
Nyanotrasen/Nyanotrasen,63882831,GalacticChimp,31,2020-04-17T22:07:31Z,18,0
Nyanotrasen/Nyanotrasen,91828755,Scribbles0,30,2021-10-03T11:06:28Z,6,1
Nyanotrasen/Nyanotrasen,103608145,PuroSlavKing,29,2022-04-13T21:30:10Z,14,3
Nyanotrasen/Nyanotrasen,44417085,crazybrain23,29,2018-10-23T21:59:36Z,8,1
Nyanotrasen/Nyanotrasen,97402700,Kromabae,28,2022-01-09T17:15:55Z,2,0
Nyanotrasen/Nyanotrasen,121047731,QuietlyWhisper,28,2022-12-19T16:22:12Z,4,2
Nyanotrasen/Nyanotrasen,14862103,Clyybber,27,2015-09-27T17:29:38Z,53,42
Nyanotrasen/Nyanotrasen,602406,Efruit,26,2011-02-05T20:53:20Z,13,2
Nyanotrasen/Nyanotrasen,76408146,TaralGit,26,2020-12-20T20:21:32Z,2,0
Nyanotrasen/Nyanotrasen,1261392,HoofedEar,25,2011-12-13T21:09:29Z,50,4
Nyanotrasen/Nyanotrasen,84478872,Hoolny,25,2021-05-19T21:31:25Z,4,0
Nyanotrasen/Nyanotrasen,45628623,rolfero,25,2018-12-05T12:44:27Z,4,1
Nyanotrasen/Nyanotrasen,110078045,Nairodian,25,2022-07-27T03:18:42Z,8,1
Nyanotrasen/Nyanotrasen,44923899,Alekshhh,25,2018-11-10T13:20:34Z,4,0
Nyanotrasen/Nyanotrasen,96937466,Lamrr,24,2022-01-01T08:28:04Z,1,0
Nyanotrasen/Nyanotrasen,8183999,JustinTrotter,24,2014-07-16T20:02:41Z,23,0
Nyanotrasen/Nyanotrasen,79580518,potato1234x,22,2021-02-24T12:08:33Z,8,0
Nyanotrasen/Nyanotrasen,33945568,Tyler-IN,22,2017-11-24T02:03:25Z,30,13
Nyanotrasen/Nyanotrasen,78941145,Flareguy,22,2021-02-12T01:04:35Z,4,0
Nyanotrasen/Nyanotrasen,48867431,0x6273,22,2019-03-23T19:51:26Z,26,1
Nyanotrasen/Nyanotrasen,80334192,Leander-0,21,2021-03-09T13:46:56Z,6,0
Nyanotrasen/Nyanotrasen,36075110,corentt,20,2018-02-02T12:49:38Z,3,1
Nyanotrasen/Nyanotrasen,4146763,jicksaw,20,2013-04-13T16:30:03Z,7,3
Nyanotrasen/Nyanotrasen,45957058,Veritius,20,2018-12-18T03:18:20Z,24,14
Nyanotrasen/Nyanotrasen,88683362,namespace-Memory,20,2021-08-09T19:04:43Z,4,0
Nyanotrasen/Nyanotrasen,31836813,jessicamaybe,19,2017-09-11T03:13:20Z,8,3
Nyanotrasen/Nyanotrasen,5285589,tom-leys,18,2013-08-22T09:52:28Z,25,11
Nyanotrasen/Nyanotrasen,113240905,brainfood1183,18,2022-09-10T11:12:53Z,5,0
Nyanotrasen/Nyanotrasen,75271456,CrudeWax,18,2020-11-30T17:57:54Z,4,0
Nyanotrasen/Nyanotrasen,35878406,Errant-4,17,2018-01-27T21:00:31Z,7,1
Nyanotrasen/Nyanotrasen,60119809,UKNOWH,17,2020-01-21T00:22:21Z,6,0
Nyanotrasen/Nyanotrasen,67359748,Just-a-Unity-Dev,17,2020-06-24T06:10:15Z,92,25
Nyanotrasen/Nyanotrasen,2501151,Tomeno,16,2012-10-06T16:23:22Z,18,0
Nyanotrasen/Nyanotrasen,128169402,Nimfar11,16,2023-03-17T15:55:19Z,4,0
Nyanotrasen/Nyanotrasen,49997488,DebugOk,16,2019-04-25T19:55:45Z,13,7
Nyanotrasen/Nyanotrasen,123590995,Kit0vras,15,2023-01-25T19:26:06Z,2,1
Nyanotrasen/Nyanotrasen,84274729,Mith-randalf,15,2021-05-16T12:29:54Z,6,0
Nyanotrasen/Nyanotrasen,108953437,Myctai,15,2022-07-08T18:52:26Z,2,0
Nyanotrasen/Nyanotrasen,5822375,brndd,15,2013-10-31T11:23:29Z,52,14
Nyanotrasen/Nyanotrasen,21104932,BasedUser,15,2016-08-18T13:56:28Z,65,19
Nyanotrasen/Nyanotrasen,11891037,Carbonhell,14,2015-04-10T18:08:51Z,54,16
Nyanotrasen/Nyanotrasen,63973502,LittleBuilderJane,14,2020-04-19T18:02:07Z,12,0
Nyanotrasen/Nyanotrasen,7117411,Menshin,13,2014-03-31T15:56:26Z,12,3
Nyanotrasen/Nyanotrasen,53132901,tmtmtl30,13,2019-07-21T03:24:14Z,7,0
Nyanotrasen/Nyanotrasen,137322659,Arendian,13,2023-06-21T17:04:10Z,3,0
Nyanotrasen/Nyanotrasen,129199891,Jackal298,13,2023-03-28T15:19:58Z,2,0
Nyanotrasen/Nyanotrasen,88291550,OctoRocket,13,2021-08-01T20:56:18Z,36,4
Nyanotrasen/Nyanotrasen,6282424,lzimann,12,2013-12-29T19:39:46Z,13,0
Nyanotrasen/Nyanotrasen,113810873,Interrobang01,12,2022-09-18T01:48:00Z,8,1
Nyanotrasen/Nyanotrasen,1329062,chairbender,12,2012-01-13T23:19:00Z,33,16
Nyanotrasen/Nyanotrasen,104418166,liltenhead,12,2022-04-26T07:12:14Z,1,6
Nyanotrasen/Nyanotrasen,38016303,asperger-sind,12,2018-04-02T19:32:21Z,5,0
Nyanotrasen/Nyanotrasen,46636558,DawBla,11,2019-01-12T23:20:34Z,10,2
Nyanotrasen/Nyanotrasen,43905364,Injazz,11,2018-10-06T10:09:56Z,33,2
Nyanotrasen/Nyanotrasen,66768086,dch-GH,11,2020-06-11T06:08:46Z,75,4
Nyanotrasen/Nyanotrasen,61917534,Vaaankas,10,2020-03-07T18:37:42Z,4,0
Nyanotrasen/Nyanotrasen,97707302,Willhelm53,10,2022-01-13T22:12:47Z,4,2
Nyanotrasen/Nyanotrasen,62370007,MisterMecky,10,2020-03-19T05:08:16Z,6,0
Nyanotrasen/Nyanotrasen,35575261,DubiousDoggo,10,2018-01-18T18:08:49Z,14,7
Nyanotrasen/Nyanotrasen,95458399,Delete69,10,2021-12-03T03:16:55Z,1,0
Nyanotrasen/Nyanotrasen,4043781,RemieRichards,9,2013-04-03T03:02:55Z,25,16
Nyanotrasen/Nyanotrasen,77995199,DEATHB4DEFEAT,9,2021-01-25T21:12:38Z,24,17
Nyanotrasen/Nyanotrasen,9070803,Hugal31,9,2014-10-08T06:56:14Z,113,15
Nyanotrasen/Nyanotrasen,112137107,alliephante,9,2022-08-26T00:24:25Z,4,0
Nyanotrasen/Nyanotrasen,47336974,nuke-haus,9,2019-02-04T21:17:29Z,14,9
Nyanotrasen/Nyanotrasen,15659074,tomasalves8,9,2015-11-04T20:00:11Z,20,9
Nyanotrasen/Nyanotrasen,13456422,TekuNut,9,2015-07-22T18:36:45Z,5,3
Nyanotrasen/Nyanotrasen,7543955,Owai-Seek,9,2014-05-10T17:27:40Z,12,0
Nyanotrasen/Nyanotrasen,1194692,MeltedPixel,9,2011-11-14T20:55:35Z,7,3
Nyanotrasen/Nyanotrasen,103340990,Ablankmann,9,2022-04-10T00:07:53Z,7,0
Nyanotrasen/Nyanotrasen,101532866,Snowni,8,2022-03-14T00:21:41Z,2,0
Nyanotrasen/Nyanotrasen,34938708,VasilisThePikachu,8,2017-12-29T11:37:21Z,34,14
Nyanotrasen/Nyanotrasen,94037592,xRiriq,8,2021-11-10T06:43:34Z,1,0
Nyanotrasen/Nyanotrasen,1676295,eoineoineoin,8,2012-04-24T22:03:46Z,34,17
Nyanotrasen/Nyanotrasen,34360334,theomund,8,2017-12-08T03:11:56Z,3,0
Nyanotrasen/Nyanotrasen,72841710,ScalyChimp,8,2020-10-14T01:09:41Z,6,0
Nyanotrasen/Nyanotrasen,24385314,Mr0maks,8,2016-12-05T09:44:12Z,16,6
Nyanotrasen/Nyanotrasen,36813380,FoLoKe,8,2018-02-25T10:47:51Z,19,0
Nyanotrasen/Nyanotrasen,109803540,GoodWheatley,8,2022-07-22T12:19:59Z,3,0
Nyanotrasen/Nyanotrasen,451390,Illiux,8,2010-10-24T00:03:55Z,10,6
Nyanotrasen/Nyanotrasen,100050424,KaiShibaa,8,2022-02-19T22:37:19Z,3,0
Nyanotrasen/Nyanotrasen,222630,SpaceManiac,7,2010-03-14T22:06:03Z,66,111
Nyanotrasen/Nyanotrasen,20603739,Rinkashikachi,7,2016-07-22T20:12:05Z,7,0
Nyanotrasen/Nyanotrasen,29801840,gusxyz,7,2017-06-30T16:20:29Z,21,4
Nyanotrasen/Nyanotrasen,19577865,snowsignal,7,2016-05-25T19:24:24Z,38,115
Nyanotrasen/Nyanotrasen,12466334,daniel-cr,7,2015-05-15T21:32:14Z,5,5
Nyanotrasen/Nyanotrasen,47284081,hubismal,7,2019-02-02T21:34:24Z,5,0
Nyanotrasen/Nyanotrasen,46868845,ficcialfaint,7,2019-01-20T15:59:47Z,15,8
Nyanotrasen/Nyanotrasen,4279480,SaphireLattice,7,2013-04-28T09:36:29Z,28,48
Nyanotrasen/Nyanotrasen,76271993,Radrark,7,2020-12-20T02:52:46Z,2,1
Nyanotrasen/Nyanotrasen,135308300,LankLTE,7,2023-06-02T06:22:06Z,8,0
Nyanotrasen/Nyanotrasen,48828502,gituhabu,7,2019-03-22T11:43:09Z,0,0
Nyanotrasen/Nyanotrasen,57039557,Ilya246,7,2019-10-26T14:05:23Z,24,21
Nyanotrasen/Nyanotrasen,45953835,notquitehadouken,7,2018-12-17T23:54:43Z,6,2
Nyanotrasen/Nyanotrasen,108431937,Hyenh,7,2022-06-29T19:55:29Z,8,2
Nyanotrasen/Nyanotrasen,96499407,Deahaka,7,2021-12-21T20:47:42Z,4,1
Nyanotrasen/Nyanotrasen,55208219,DTanxxx,7,2019-09-11T18:32:21Z,14,4
Nyanotrasen/Nyanotrasen,66234359,Hardly3D,7,2020-06-01T03:29:51Z,9,1
Nyanotrasen/Nyanotrasen,10009099,Andre19926,7,2014-11-30T12:38:45Z,2,0
Nyanotrasen/Nyanotrasen,31364560,Naive817,6,2017-08-26T07:00:00Z,7,0
Nyanotrasen/Nyanotrasen,91910481,pointer-to-null,6,2021-10-04T18:00:32Z,6,0
Nyanotrasen/Nyanotrasen,44726328,WlarusFromDaSpace,6,2018-11-03T12:46:06Z,5,0
Nyanotrasen/Nyanotrasen,117641290,Torun-S,6,2022-11-07T10:18:52Z,1,0
Nyanotrasen/Nyanotrasen,67545203,SoulSloth,6,2020-06-28T12:12:53Z,8,0
Nyanotrasen/Nyanotrasen,5190810,RemberBM,6,2013-08-08T14:54:30Z,5,0
Nyanotrasen/Nyanotrasen,36012938,ProfanedBane,6,2018-01-31T20:12:44Z,8,1
Nyanotrasen/Nyanotrasen,55061890,Bright0,6,2019-09-08T18:37:02Z,1,0
Nyanotrasen/Nyanotrasen,34943053,fooberticus,6,2017-12-29T15:40:17Z,66,3
Nyanotrasen/Nyanotrasen,7339857,ComicIronic,6,2014-04-18T17:57:56Z,11,4
Nyanotrasen/Nyanotrasen,6192499,Jezithyr,5,2013-12-15T21:44:11Z,25,14
Nyanotrasen/Nyanotrasen,104049107,freeman2651,5,2022-04-20T03:27:35Z,1,1
Nyanotrasen/Nyanotrasen,6356337,deathride58,5,2014-01-09T05:37:55Z,40,3
Nyanotrasen/Nyanotrasen,38111072,c4llv07e,5,2018-04-05T16:54:59Z,39,8
Nyanotrasen/Nyanotrasen,97173622,Zymem,5,2022-01-05T13:41:32Z,2,0
Nyanotrasen/Nyanotrasen,22365940,Skyedra,5,2016-09-22T08:26:31Z,20,2
Nyanotrasen/Nyanotrasen,2546219,weaversam8,5,2012-10-12T16:43:24Z,80,41
Nyanotrasen/Nyanotrasen,5410619,thedraccx,5,2013-09-08T08:39:46Z,3,1
Nyanotrasen/Nyanotrasen,8854773,StrawberryMoses,5,2014-09-22T00:16:12Z,5,0
Nyanotrasen/Nyanotrasen,1457461,BananaFlambe,5,2012-02-21T14:04:52Z,1,0
Nyanotrasen/Nyanotrasen,63034378,tosatur,5,2020-04-02T04:50:43Z,7,2
Nyanotrasen/Nyanotrasen,96151729,Kesiath,5,2021-12-14T22:57:29Z,4,0
Nyanotrasen/Nyanotrasen,1917927,Jackrost,5,2012-07-03T11:55:57Z,2,0
Nyanotrasen/Nyanotrasen,20689511,Samsterious,5,2016-07-27T19:44:31Z,10,1
Nyanotrasen/Nyanotrasen,33431126,778b,5,2017-11-06T18:54:34Z,10,1
Nyanotrasen/Nyanotrasen,121322002,Plyushsune,5,2022-12-23T23:32:50Z,5,2
Nyanotrasen/Nyanotrasen,73938872,ColdAutumnRain,4,2020-11-04T10:28:56Z,2,0
Nyanotrasen/Nyanotrasen,85175107,PixelTheKermit,4,2021-06-01T13:29:37Z,12,1
Nyanotrasen/Nyanotrasen,52052459,Qulibly,4,2019-06-20T20:58:17Z,4,0
Nyanotrasen/Nyanotrasen,122584947,Skarletto,4,2023-01-13T03:02:04Z,6,0
Nyanotrasen/Nyanotrasen,71643624,Tunguso4ka,4,2020-09-21T11:44:17Z,12,15
Nyanotrasen/Nyanotrasen,4607006,adamsong,4,2013-06-04T03:11:04Z,31,3
Nyanotrasen/Nyanotrasen,59025279,dontbetank,4,2019-12-18T16:17:20Z,4,2
Nyanotrasen/Nyanotrasen,32041239,nikthechampiongr,4,2017-09-17T18:30:41Z,12,1
Nyanotrasen/Nyanotrasen,77765133,Androofroo,4,2021-01-21T02:59:59Z,2,0
Nyanotrasen/Nyanotrasen,107036969,ssdaniel24,4,2022-06-07T09:35:26Z,11,0
Nyanotrasen/Nyanotrasen,163145,DoctorBeard,4,2009-12-06T00:21:30Z,6,3
Nyanotrasen/Nyanotrasen,29918611,clorl,4,2017-07-05T11:15:00Z,46,2
Nyanotrasen/Nyanotrasen,109166122,misandrie,4,2022-07-12T16:12:49Z,19,14
Nyanotrasen/Nyanotrasen,97599358,WTCWR68,4,2022-01-12T10:36:15Z,1,0
Nyanotrasen/Nyanotrasen,1207515,Charlese2,4,2011-11-20T02:23:15Z,14,4
Nyanotrasen/Nyanotrasen,50932435,DerbyX,4,2019-05-22T23:20:12Z,1,0
Nyanotrasen/Nyanotrasen,129697969,Lomcastar,4,2023-04-02T22:40:51Z,1,0
Nyanotrasen/Nyanotrasen,2144635,Arteben,4,2012-08-13T13:25:06Z,20,0
Nyanotrasen/Nyanotrasen,117361103,Easypoller,4,2022-11-03T12:05:40Z,1,0
Nyanotrasen/Nyanotrasen,33369477,Endecc,4,2017-11-04T09:28:09Z,3,1
Nyanotrasen/Nyanotrasen,7847372,Fortune117,4,2014-06-10T09:02:41Z,29,13
Nyanotrasen/Nyanotrasen,95721684,Phantom-Lily,4,2021-12-07T22:02:13Z,1,1
Nyanotrasen/Nyanotrasen,124747282,MagnusCrowe,4,2023-02-08T00:50:42Z,3,0
Nyanotrasen/Nyanotrasen,71363161,Level10Cybermancer,4,2020-09-16T02:50:32Z,2,0
Nyanotrasen/Nyanotrasen,97187620,elthundercloud,4,2022-01-05T17:39:26Z,4,0
Nyanotrasen/Nyanotrasen,26389417,KIBORG04,4,2017-03-13T17:52:36Z,13,4
Nyanotrasen/Nyanotrasen,44332255,JiimBob,4,2018-10-21T04:10:27Z,5,1
Nyanotrasen/Nyanotrasen,131214189,HerCoyote23,4,2023-04-18T23:11:45Z,2,0
Nyanotrasen/Nyanotrasen,89979928,Skrauz,4,2021-09-02T11:49:16Z,28,3
Nyanotrasen/Nyanotrasen,31361371,Saakra,3,2017-08-26T02:18:19Z,2,0
Nyanotrasen/Nyanotrasen,69610864,Aerocrux,3,2020-08-13T00:57:12Z,2,0
Nyanotrasen/Nyanotrasen,117598069,SelfDrivingRiddler,3,2022-11-06T19:23:06Z,2,1
Nyanotrasen/Nyanotrasen,100171035,Stealthbomber16,3,2022-02-21T23:30:36Z,3,0
Nyanotrasen/Nyanotrasen,133237366,Vannn4,3,2023-05-11T14:03:21Z,1,0
Nyanotrasen/Nyanotrasen,10747738,ZelteHonor,3,2015-01-28T21:04:47Z,3,0
Nyanotrasen/Nyanotrasen,34486300,cheesePizza2,3,2017-12-12T17:22:05Z,2,0
Nyanotrasen/Nyanotrasen,3999659,creadth,3,2013-03-28T19:59:47Z,10,3
Nyanotrasen/Nyanotrasen,39823128,destrucktoid,3,2018-06-01T07:32:39Z,9,0
Nyanotrasen/Nyanotrasen,188926747,dylanstrategie,3,2024-11-18T21:41:43Z,2,0
Nyanotrasen/Nyanotrasen,91704530,forkeyboards,3,2021-09-30T23:12:45Z,2,1
Nyanotrasen/Nyanotrasen,49118681,komunre,3,2019-03-31T10:59:51Z,59,14
Nyanotrasen/Nyanotrasen,125433431,lleftTheDragon,3,2023-02-15T06:03:37Z,3,0
Nyanotrasen/Nyanotrasen,81412348,mhamsterr,3,2021-03-26T09:00:24Z,8,3
Nyanotrasen/Nyanotrasen,14363906,nmajask,3,2015-09-19T19:13:40Z,11,0
Nyanotrasen/Nyanotrasen,1233646,scrato,3,2011-12-01T14:43:59Z,14,0
Nyanotrasen/Nyanotrasen,83136974,BingoJohnson-zz,3,2021-04-24T18:36:25Z,1,0
Nyanotrasen/Nyanotrasen,84935671,ModeratelyAware,3,2021-05-27T19:24:21Z,3,2
Nyanotrasen/Nyanotrasen,100040020,youarereadingthis,3,2022-02-19T17:13:31Z,5,0
Nyanotrasen/Nyanotrasen,112997230,AjexRose,3,2022-09-07T02:23:58Z,9,0
Nyanotrasen/Nyanotrasen,43192081,MemeProof,3,2018-09-12T01:31:49Z,2,0
Nyanotrasen/Nyanotrasen,46600554,AlexMorgan3817,3,2019-01-11T14:01:39Z,19,3
Nyanotrasen/Nyanotrasen,93178783,paolordls,3,2021-10-26T05:40:00Z,9,7
Nyanotrasen/Nyanotrasen,29222142,AzzyIsNotHere,3,2017-06-06T06:10:23Z,1,2
Nyanotrasen/Nyanotrasen,76759079,noudoit,3,2020-12-30T01:21:42Z,2,0
Nyanotrasen/Nyanotrasen,60344369,VigersRay,3,2020-01-27T10:27:59Z,8,12
Nyanotrasen/Nyanotrasen,47313600,Duddino,3,2019-02-04T06:49:04Z,28,9
Nyanotrasen/Nyanotrasen,37940282,DeathCamel58,3,2018-03-30T19:08:48Z,50,4
Nyanotrasen/Nyanotrasen,15177039,Zcarter2,3,2015-10-18T01:42:02Z,2,0
Nyanotrasen/Nyanotrasen,65792927,Radosvik,3,2020-05-22T23:01:55Z,1,1
Nyanotrasen/Nyanotrasen,30875116,Myakot,3,2017-08-09T17:59:42Z,14,2
Nyanotrasen/Nyanotrasen,81403616,MishaUnity,3,2021-03-26T05:06:35Z,4,1
Nyanotrasen/Nyanotrasen,63782763,MilenVolf,3,2020-04-16T09:25:12Z,3,3
Nyanotrasen/Nyanotrasen,6786088,ManelNavola,3,2014-02-25T19:18:40Z,8,11
Nyanotrasen/Nyanotrasen,1616990,zerorulez,3,2012-04-05T22:41:21Z,38,21
Nyanotrasen/Nyanotrasen,42383212,Finket,3,2018-08-14T15:03:00Z,7,3
Nyanotrasen/Nyanotrasen,59925169,Git-Nivrak,3,2020-01-15T14:53:54Z,11,1
Nyanotrasen/Nyanotrasen,34919974,Guess-My-Name,3,2017-12-28T16:47:44Z,3,1
Nyanotrasen/Nyanotrasen,106132477,LordEclipse,3,2022-05-24T03:27:10Z,4,1
Nyanotrasen/Nyanotrasen,4888377,jamessimo,3,2013-06-30T02:30:58Z,29,11
Nyanotrasen/Nyanotrasen,48499004,civilCornball,2,2019-03-13T00:01:58Z,4,0
Nyanotrasen/Nyanotrasen,50505512,chromiumboy,2,2019-05-11T00:43:22Z,4,2
Nyanotrasen/Nyanotrasen,5072843,bhespiritu,2,2013-07-23T12:18:36Z,43,2
Nyanotrasen/Nyanotrasen,77842470,areitpog,2,2021-01-22T13:37:07Z,5,1
Nyanotrasen/Nyanotrasen,11085293,Zth--,2,2015-02-20T04:17:45Z,11,0
Nyanotrasen/Nyanotrasen,4741640,ZeWaka,2,2013-06-19T19:34:10Z,70,10
Nyanotrasen/Nyanotrasen,85772526,Tyzemol,2,2021-06-12T01:08:13Z,4,0
Nyanotrasen/Nyanotrasen,59849408,timothyteakettle,2,2020-01-13T21:43:23Z,13,0
Nyanotrasen/Nyanotrasen,57200767,Timemaster99,2,2019-10-30T23:33:05Z,7,1
Nyanotrasen/Nyanotrasen,120885811,TadJohnson00,2,2022-12-18T04:59:57Z,4,0
Nyanotrasen/Nyanotrasen,19376130,artak10t,2,2016-05-15T18:01:39Z,12,22
Nyanotrasen/Nyanotrasen,99134830,Verslebas,2,2022-02-06T16:07:03Z,5,2
Nyanotrasen/Nyanotrasen,100022571,SonicHDC,2,2022-02-19T10:16:57Z,7,1
Nyanotrasen/Nyanotrasen,125095677,Aexxie,2,2023-02-10T22:36:22Z,3,4
Nyanotrasen/Nyanotrasen,5206992,abregado,2,2013-08-11T10:24:26Z,34,2
Nyanotrasen/Nyanotrasen,8578534,zionnBE,2,2014-08-28T10:29:31Z,2,0
Nyanotrasen/Nyanotrasen,11673190,DelleVelleD,2,2015-03-27T01:10:55Z,5,1
Nyanotrasen/Nyanotrasen,27014495,remove32,2,2017-04-07T14:02:42Z,7,3
Nyanotrasen/Nyanotrasen,19419708,tentekal,2,2016-05-18T01:11:52Z,12,3
Nyanotrasen/Nyanotrasen,60476183,shaeone,2,2020-01-30T14:51:08Z,1,0
Nyanotrasen/Nyanotrasen,1495233,rok-povsic,2,2012-03-03T01:34:54Z,63,20
Nyanotrasen/Nyanotrasen,107665898,pofitlo,2,2022-06-17T04:26:16Z,1,0
Nyanotrasen/Nyanotrasen,57651027,peptron1,2,2019-11-12T03:13:50Z,2,1
Nyanotrasen/Nyanotrasen,80923370,och-och,2,2021-03-18T20:30:48Z,6,2
Nyanotrasen/Nyanotrasen,55922029,lajolico,2,2019-09-28T15:09:45Z,17,2
Nyanotrasen/Nyanotrasen,10750302,iczero,2,2015-01-29T01:19:22Z,97,46
Nyanotrasen/Nyanotrasen,118819960,fallingmonkey,2,2022-11-22T12:23:45Z,1,0
Nyanotrasen/Nyanotrasen,102577236,efzapa,2,2022-03-29T06:24:55Z,7,0
Nyanotrasen/Nyanotrasen,73915636,drongood12,2,2020-11-03T22:59:15Z,14,0
Nyanotrasen/Nyanotrasen,56765288,CaptainSqrBeard,2,2019-10-19T14:54:43Z,9,4
Nyanotrasen/Nyanotrasen,764060,SamV522,2,2011-05-02T18:26:45Z,19,4
Nyanotrasen/Nyanotrasen,66481211,j-giebel,2,2020-06-05T14:34:52Z,1,0
Nyanotrasen/Nyanotrasen,131694215,xqzpop7,2,2023-04-24T15:46:48Z,2,1
Nyanotrasen/Nyanotrasen,20251491,hecksadecimal,2,2016-07-02T03:33:11Z,68,6
Nyanotrasen/Nyanotrasen,16403415,Hebiman,2,2015-12-22T15:58:17Z,4,1
Nyanotrasen/Nyanotrasen,130304205,FluidRock,2,2023-04-09T16:16:07Z,3,0
Nyanotrasen/Nyanotrasen,3895296,Decappi,2,2013-03-18T04:38:28Z,5,3
Nyanotrasen/Nyanotrasen,17550641,CakeQ,2,2016-02-29T16:16:16Z,33,8
Nyanotrasen/Nyanotrasen,75244093,CrzyPotato,2,2020-11-30T08:20:26Z,2,0
Nyanotrasen/Nyanotrasen,22755244,siyengar04,2,2016-10-10T20:34:00Z,23,1
Nyanotrasen/Nyanotrasen,63939723,BubblegumBlue,2,2020-04-19T02:46:13Z,1,0
Nyanotrasen/Nyanotrasen,72874643,Bixkitts,2,2020-10-14T14:14:57Z,14,63
Nyanotrasen/Nyanotrasen,107375341,BismarckShuffle,2,2022-06-13T00:30:29Z,1,0
Nyanotrasen/Nyanotrasen,28903731,AruMoon,2,2017-05-23T17:42:55Z,15,21
Nyanotrasen/Nyanotrasen,65570280,AlphaQwerty,2,2020-05-18T21:28:14Z,1,0
Nyanotrasen/Nyanotrasen,58528255,Ahion,2,2019-12-04T18:34:40Z,10,1
Nyanotrasen/Nyanotrasen,125925684,612git,2,2023-02-20T21:30:37Z,0,0
Nyanotrasen/Nyanotrasen,32955475,Saltson,2,2017-10-20T09:54:11Z,2,0
Nyanotrasen/Nyanotrasen,33865465,ScumbagDog,2,2017-11-21T11:40:30Z,22,5
Nyanotrasen/Nyanotrasen,8910031,renodubois,2,2014-09-25T06:01:41Z,54,21
Nyanotrasen/Nyanotrasen,102882503,Ranger6012,2,2022-04-02T22:42:48Z,1,0
Nyanotrasen/Nyanotrasen,30362352,QuizzyQuin,2,2017-07-22T03:45:35Z,1,0
Nyanotrasen/Nyanotrasen,3927690,Putnam3145,2,2013-03-21T04:50:38Z,67,64
Nyanotrasen/Nyanotrasen,96095110,Nousagi37,2,2021-12-14T02:04:47Z,5,0
Nyanotrasen/Nyanotrasen,41876089,JustinTether,2,2018-07-29T19:23:21Z,6,3
Nyanotrasen/Nyanotrasen,140668342,KingFroozy,2,2023-07-26T23:59:40Z,2,0
Nyanotrasen/Nyanotrasen,16804804,Kmc2000,2,2016-01-20T18:49:08Z,30,5
Nyanotrasen/Nyanotrasen,70486856,SirDragooon,2,2020-08-30T19:07:45Z,6,1
Nyanotrasen/Nyanotrasen,17705613,LudwigVonChesterfield,2,2016-03-07T14:55:26Z,40,5
Nyanotrasen/Nyanotrasen,32034333,mostlynobody,2,2017-09-17T11:42:37Z,7,6
Nyanotrasen/Nyanotrasen,12946202,Matz05,2,2015-06-18T03:44:50Z,2,0
Nyanotrasen/Nyanotrasen,22804739,MehimoNemo,2,2016-10-13T01:35:26Z,13,1
Nyanotrasen/Nyanotrasen,104377798,NULL882,2,2022-04-25T15:44:00Z,7,1
Nyanotrasen/Nyanotrasen,93572548,FoxHorn,1,2021-11-02T06:34:03Z,3,0
Nyanotrasen/Nyanotrasen,16370842,joelhed,1,2015-12-20T12:51:06Z,26,0
Nyanotrasen/Nyanotrasen,140008923,JimGamemaster,1,2023-07-19T18:15:23Z,1,0
Nyanotrasen/Nyanotrasen,138042477,Jessetriesagain,1,2023-06-28T17:41:25Z,1,0
Nyanotrasen/Nyanotrasen,48524572,JerryImMouse,1,2019-03-13T15:24:28Z,14,7
Nyanotrasen/Nyanotrasen,38472993,JasperJRoth,1,2018-04-17T17:44:35Z,23,4
Nyanotrasen/Nyanotrasen,86671825,Jaskanbe,1,2021-06-29T14:27:15Z,4,0
Nyanotrasen/Nyanotrasen,75317,aeosynth,1,2009-04-19T04:04:41Z,13,67
Nyanotrasen/Nyanotrasen,15194163,Jackw2As,1,2015-10-19T10:50:02Z,4,0
Nyanotrasen/Nyanotrasen,8786660,jacksonzck,1,2014-09-16T02:23:09Z,26,1
Nyanotrasen/Nyanotrasen,90278813,Telyonok,1,2021-09-07T18:05:33Z,32,3
Nyanotrasen/Nyanotrasen,29148980,McFck,1,2017-06-02T16:12:51Z,10,2
Nyanotrasen/Nyanotrasen,128389588,Ilushkins33,1,2023-03-20T13:35:38Z,2,0
Nyanotrasen/Nyanotrasen,6411222,Rinzii,1,2014-01-15T16:11:47Z,38,25
Nyanotrasen/Nyanotrasen,61713849,hsagerer,1,2020-03-02T21:32:34Z,3,0
Nyanotrasen/Nyanotrasen,99100948,HoidC,1,2022-02-05T22:18:19Z,3,0
Nyanotrasen/Nyanotrasen,9434755,Greginator,1,2014-10-28T15:51:44Z,7,3
Nyanotrasen/Nyanotrasen,4645338,greenrock64,1,2013-06-08T03:31:20Z,3,0
Nyanotrasen/Nyanotrasen,66805063,Geekyhobo,1,2020-06-11T22:21:49Z,2,0
Nyanotrasen/Nyanotrasen,99754140,MaxNox7,1,2022-02-15T17:20:43Z,1,0
Nyanotrasen/Nyanotrasen,25513191,SijyKijy,1,2017-02-02T18:36:39Z,28,12
Nyanotrasen/Nyanotrasen,1134201,psykzz,1,2011-10-17T20:19:42Z,179,33
Nyanotrasen/Nyanotrasen,19313344,misnor,1,2016-05-11T19:30:52Z,0,2
Nyanotrasen/Nyanotrasen,9088854,halworsen,1,2014-10-08T17:34:01Z,48,21
Nyanotrasen/Nyanotrasen,51086796,Markek1,1,2019-05-27T13:44:36Z,20,13
Nyanotrasen/Nyanotrasen,22404812,Brian-Archambault,1,2016-09-23T22:27:51Z,13,2
Nyanotrasen/Nyanotrasen,61350382,MLGTASTICa,1,2020-02-22T11:47:34Z,13,1
Nyanotrasen/Nyanotrasen,24603524,LetterN,1,2016-12-16T08:31:19Z,94,5
Nyanotrasen/Nyanotrasen,42436050,LarsDuJour,1,2018-08-16T09:26:45Z,17,0
Nyanotrasen/Nyanotrasen,98099652,LarryRussian,1,2022-01-20T13:11:03Z,1,1
Nyanotrasen/Nyanotrasen,15224047,Kupie,1,2015-10-21T02:12:52Z,58,5
Nyanotrasen/Nyanotrasen,42556441,kognise,1,2018-08-20T21:36:42Z,164,2955
Nyanotrasen/Nyanotrasen,93582901,Kimpes,1,2021-11-02T09:44:12Z,8,1
Nyanotrasen/Nyanotrasen,128301315,KEEYNy,1,2023-03-19T13:34:23Z,4,0
Nyanotrasen/Nyanotrasen,20260675,JupiterFive,1,2016-07-02T22:13:22Z,7,0
Nyanotrasen/Nyanotrasen,1164167,minism,1,2011-11-01T05:27:24Z,64,37
Nyanotrasen/Nyanotrasen,6863341,Soupstraw,1,2014-03-05T15:31:17Z,52,17
Nyanotrasen/Nyanotrasen,44334376,Gaxeer,1,2018-10-21T07:12:31Z,3,0
Nyanotrasen/Nyanotrasen,22876461,Dezandor,1,2016-10-17T00:47:54Z,0,0
Nyanotrasen/Nyanotrasen,87671971,Carou02,1,2021-07-19T19:48:36Z,2,0
Nyanotrasen/Nyanotrasen,35241666,hord-brayden,1,2018-01-08T23:07:40Z,34,4
Nyanotrasen/Nyanotrasen,4960351,BobdaBiscuit,1,2013-07-07T21:31:23Z,4,0
Nyanotrasen/Nyanotrasen,50087092,benev0,1,2019-04-28T22:26:02Z,29,0
Nyanotrasen/Nyanotrasen,115815982,AsikKEsel,1,2022-10-14T16:51:37Z,5,0
Nyanotrasen/Nyanotrasen,57199800,ArthurMousatov,1,2019-10-30T22:37:34Z,7,8
Nyanotrasen/Nyanotrasen,71723495,UnderscoreX5,1,2020-09-22T17:11:16Z,2,0
Nyanotrasen/Nyanotrasen,84513092,Alithsko,1,2021-05-20T13:00:41Z,1,0
Nyanotrasen/Nyanotrasen,905507,deepy,1,2011-07-10T02:30:39Z,84,62
Nyanotrasen/Nyanotrasen,8189043,aklos,1,2014-07-17T08:11:54Z,33,20
Nyanotrasen/Nyanotrasen,26800509,Alainx277,1,2017-03-30T18:26:44Z,30,19
Nyanotrasen/Nyanotrasen,29511823,Absolute-Potato,1,2017-06-17T21:16:45Z,0,1
