id,repo_url,toxicity_score,toxicity_type,comment_body,created_at,event_type
26163423803,https://api.github.com/repos/Nyanotrasen/Nyanotrasen,0.9854491353034973,general,"Aw fuck me I fix one and another completely unrelated one appears
",2023-01-01T00:00:47Z,IssueCommentEvent
26788337537,https://api.github.com/repos/stoneatom/stonedb,0.9184794425964355,general,"I don't know which idiot wrote the code, but when compiling the alarm bad my mood, let the code to write the idiot to modify the code, looking at the stupid alarm bad my mood

 ",2023-02-01T06:00:28Z,PullRequestReviewCommentEvent
26788342914,https://api.github.com/repos/stoneatom/stonedb,0.9184794425964355,general,"I don't know which idiot wrote the code, but when compiling the alarm bad my mood, let the code to write the idiot to modify the code, looking at the stupid alarm bad my mood

 ",2023-02-01T06:00:45Z,PullRequestReviewCommentEvent
27400484469,https://api.github.com/repos/yogstation13/Yogstation,0.8869353532791138,general,"> non-human HOP moment

idc about the other stuff but this is ass",2023-03-01T00:00:30Z,IssueCommentEvent
28133826508,https://api.github.com/repos/x-cmd/x-cmd,0.7211074233055115,general,é”™è¯¯åŽŸå› ï¼šå†…éƒ¨æœ‰ä¸€ä¸ªå¹¶å‘è¿›ç¨‹æ²¡æœ‰killæŽ‰ï¼›**å·²è§£å†³ï¼›**,2023-04-01T06:03:33Z,IssueCommentEvent
28133829062,https://api.github.com/repos/TheAxes/Discord-Nuke-Bot-V3,0.977196991443634,general,"> He want src to skid it lmfao

Bro ain't nobody wanna skid your slow ass nuker",2023-04-01T06:03:59Z,IssueCommentEvent
28131463171,https://api.github.com/repos/twitter/the-algorithm,0.8093660473823547,general,"> _pets @annasajkh_

*purr purr*",2023-04-01T00:00:59Z,IssueCommentEvent
28760744546,https://api.github.com/repos/McTsts/Werewolves-Roles,0.985785186290741,general,"<img src=""https://cdn.discordapp.com/avatars/458727748504911884/cfd03cf302cfbf57fc52344913e1afb5.webp"" width=30> **shapechange**:
> doomed players can't kill them or smth

although this does later fuck up getting rid of apoc",2023-05-01T00:00:16Z,IssueCommentEvent
28138837515,https://api.github.com/repos/twitter/the-algorithm,0.9836981296539307,general,"> @kyputer are you dickhead

yes, indeed :D",2023-04-01T18:00:11Z,IssueCommentEvent
28138863063,https://api.github.com/repos/googlecolab/colabtools,0.6033031344413757,general,"> !pip install -U tensorflow==2.8.2

@varunponda such a saviour!! From morning it was giving me this error and I had nothing changed in my file and busted my balls whole day searching solution",2023-04-01T18:02:55Z,IssueCommentEvent
28764050891,https://api.github.com/repos/AngeloAvv/flutter_flavorizr,0.6602946519851685,general,"Yes, in case anyone is an idiot like me and forgot to install the Xcodeproj **gem**:
```
sudo gem install xcodeproj
```",2023-05-01T06:00:55Z,IssueCommentEvent
29452310505,https://api.github.com/repos/pa1nki113r/Project_Brutality,0.9780988693237305,general,"no it isnt
dont go anywhere near that shit",2023-06-01T06:00:34Z,IssueCommentEvent
30129104961,https://api.github.com/repos/K3uzin/projetocidadedosaber,0.6839538812637329,general,Va se fuder,2023-07-01T00:04:33Z,IssueCommentEvent
30131418098,https://api.github.com/repos/tgstation/tgstation,0.7791906595230103,general,should be a new side antagonist that only chef can roll where you`re actual body has no soul and you are a rat in its hat.,2023-07-01T06:00:43Z,IssueCommentEvent
30136501341,https://api.github.com/repos/mikf/gallery-dl,0.826161801815033,general,"the rates are so low that this is going to tank their activity, which means less people being served ads. elon said this is a temporary measure, and most likely a test before they decide on a hard limit that doesn't fuck up the site's engagement.",2023-07-01T18:01:52Z,IssueCommentEvent
30136512083,https://api.github.com/repos/Megakuul/XMemo,0.7670952081680298,general,"The Problem is not the polling timeout, instead it is the Cloudflare Proxy that has a limited amount of speed and Bandwidth for Websockets if you use the free tier. To fix this, I need to either get rid of the Cloudflare Proxy (and make the Cloudflare Strict certificate work) or use the Cloudflare Premium tier (am I fucking rich or what? obviously im going to get rid of the proxy).",2023-07-01T18:03:34Z,IssueCommentEvent
31528194722,https://api.github.com/repos/ninxsoft/Mist,0.9467870593070984,general,shit download progress bar. deceived me twice. ,2023-09-01T06:00:54Z,IssueCommentEvent
32223589382,https://api.github.com/repos/KSP-RO/RP-1,0.8028983473777771,general,Uh... I'm not really sure what that means. Do you mind explaining that to an idiot?,2023-10-01T00:03:28Z,PullRequestReviewCommentEvent
32231586181,https://api.github.com/repos/developer-student-clubs/qUIck-react,0.6156778335571289,general,"No, You have to put your **cloned** repo URL there.",2023-10-01T18:00:21Z,PullRequestReviewCommentEvent
32998098540,https://api.github.com/repos/discordia-space/CEV-Eris,0.9832698106765747,general,"> Can you resist out of a closed coffin?

Hey fun fact. One can just fucking walk and the coffin opens, like a closet. I completely fucking spaced it on giving it a welded status, so anyone trapped inside can easily escape it if they're conscious. I assume this is acceptable.
",2023-11-01T00:00:43Z,IssueCommentEvent
32998109847,https://api.github.com/repos/VilotStar/VilotStar,0.9556081295013428,general,"go bacrk to engrish

DUMBASSS",2023-11-01T00:01:31Z,IssueCommentEvent
33003043814,https://api.github.com/repos/Sector-Echo-13-Team/Echo-SS13,0.7490352988243103,general,shut up codeowners check they aren't Here,2023-11-01T06:03:47Z,IssueCommentEvent
33020752077,https://api.github.com/repos/frison/_slash,0.7246113419532776,general,Nuke,2023-11-01T18:02:15Z,PullRequestReviewCommentEvent
33800638981,https://api.github.com/repos/JonnyBro/beatrun,0.6908210515975952,general,"theres 2 screenshots above.
the first ones arc9. 2nd ones mwb. 
beatrun does NOT cancel out the vmanip anims.
(freeplay watermark at bottom left so you cant say im bullshitting you.)",2023-12-01T18:01:27Z,IssueCommentEvent
34500908358,https://api.github.com/repos/truecrab/VSCode_Extension_Verilog,0.6285588145256042,general,"Oh, I also encountered such a problemï¼damn",2024-01-01T12:02:57Z,IssueCommentEvent
34495386080,https://api.github.com/repos/CharlesGillanders/homeassistant-alphaESS,0.7993496060371399,general,"Ah shit. The intergration won't initialise at all. 

Will look into it when I get into my laptop ",2024-01-01T00:03:45Z,IssueCommentEvent
35310981649,https://api.github.com/repos/itsamewayu/OLFallenDoll,0.9487549066543579,general,I had same issue. Solving it by expeling semen in erotes club by masturbating on couch.,2024-02-01T12:00:59Z,IssueCommentEvent
36150586716,https://api.github.com/repos/github/advisory-database,0.7364416718482971,general,"Database advisor hah well iPhone tells me follow up o man just what do you advise for me Jon?? Iâ€™m. All full attention.CrytoCraze77Jeremy moyersÂ Sent from my iPhoneOn Feb 26, 2024, at 23:36, Jeremy M ***@***.***> wrote:ï»¿Must be one howdy dickhead you know that was a receiving address I brought to party had no clue at time you guys take me try break me Leave my ass fuvkin vultures BS yall need take some of that massive swelling. Holy fuvkin gimme a god damn piece what Americans ðŸ‡ºðŸ‡¸ are you, do you believe in â˜ï¸ her this idea, umm I donâ€™t know if you know this once apon a time before Russia became only a gas station North Korea China and Russia together donâ€™t come close to us. Way back in the day old vladdy trumps daddy Vladimir was head of KGB its now the FSB like our CIA Putin has been fuckin with in our lives so long president since 2000â€¦there were a few prominent bussiness men they were in oil and gas not long toke he change whatever form of a constitution had have whatever those buss",2024-03-01T06:02:13Z,IssueCommentEvent
36144553698,https://api.github.com/repos/JordanSantiagoYT/FNF-PsychEngine-NoBotplayLag,0.9134288430213928,general,holy shit that is smooth. w recording app,2024-03-01T00:01:35Z,IssueCommentEvent
36144556373,https://api.github.com/repos/LakeEffectRobotics/LER-2024,0.952599048614502,general,"im an idiot and pushed to the wrong repo
",2024-03-01T00:01:44Z,IssueCommentEvent
35323051851,https://api.github.com/repos/ALT-F4-LLC/kickstart.nix,0.9030027985572815,general,lmao at least you're being productiveðŸ‘thank you!,2024-02-01T18:00:28Z,IssueCommentEvent
37036139029,https://api.github.com/repos/urbandroid-team/dont-kill-my-app,0.9456015229225159,general,SHUT UP ,2024-04-01T00:00:20Z,IssueCommentEvent
37036144582,https://api.github.com/repos/urbandroid-team/dont-kill-my-app,0.9687654972076416,general,And it's spelled app you dumbass,2024-04-01T00:00:52Z,IssueCommentEvent
36170663656,https://api.github.com/repos/M4-Park-Checklist/m4-parks-frontend,0.6605208516120911,general,hell yeah!,2024-03-01T18:01:49Z,PullRequestReviewCommentEvent
37988861935,https://api.github.com/repos/gustavoguanabara/html-css,0.9493306875228882,general,KKKKKKKK,2024-05-01T12:00:21Z,IssueCommentEvent
38907675753,https://api.github.com/repos/Skatteetaten/skattemeldingen,0.6737017631530762,general,"Har dere hatt noe hell med Ã¥ fÃ¥ tilgang til tjenestene deres? Tenkte Ã¥ ogsÃ¥ prÃ¸ve meg pÃ¥ torhovland's kodeeksempel. Er i samme bÃ¥t som deg @emilva, DA uten aktivitet. ",2024-06-01T12:02:05Z,IssueCommentEvent
38911189260,https://api.github.com/repos/space-wizards/space-station-14,0.9247049689292908,general,aw crap i keep pressing too many buttons,2024-06-01T18:02:11Z,IssueCommentEvent
39775893889,https://api.github.com/repos/asterisk/asterisk,0.8506985306739807,general,"Ah, crap.  Thanks @seanbright ",2024-07-01T18:01:00Z,IssueCommentEvent
40647766847,https://api.github.com/repos/BalancerMaxis/protocol_fee_allocator,0.6890667080879211,general,"ah shit sorry should have made a pr into this pr maybe, didnt realise i was committing directly",2024-08-01T06:02:50Z,IssueCommentEvent
41519939931,https://api.github.com/repos/ValveSoftware/Dota2-Gameplay,0.997099757194519,general,"> Bro this isn't reddit, can u fuck off with this shit? So fucking dumb. Go post on reddit and get your 2 upvotes. This place is for bugs. You are just making it harder for the devs to fix things when they have to go through shit like this.

Do you mean the Midas bug that they put a band aid on? People who can't fix their own bug, what do you call them? ",2024-09-01T06:01:07Z,IssueCommentEvent
41517328165,https://api.github.com/repos/PenguinMod/penguinmod.github.io,0.9182016849517822,general,"> > who are the crabs
> 
> https://projects.penguinmod.com/4813070144

most cursed crap i ever seen",2024-09-01T00:01:16Z,IssueCommentEvent
41517328346,https://api.github.com/repos/shiptest-ss13/Shiptest,0.6901081800460815,general,THE CHUBBY MOTHPERSON WOMAN!!!!,2024-09-01T00:01:18Z,IssueCommentEvent
41523113158,https://api.github.com/repos/Carbon-Config-Project/CarbonConfig,0.9889603853225708,general,@RelivoF what the fuck was the about?,2024-09-01T12:01:03Z,IssueCommentEvent
40670828583,https://api.github.com/repos/hyprwm/Hyprland,0.7776296138763428,general,hahahhasheheheheheheheehheehhyeheheehehehrewyuhrteytfhreytgheryutgberybgertugbreugberbnviuerfb giuerbguieriugerhiugberiugberuigbn uierngiuoerni ug er9ui ger,2024-08-01T18:01:13Z,PullRequestReviewCommentEvent
41526805876,https://api.github.com/repos/SuperTux/supertux,0.9081695079803467,general,wtf,2024-09-01T18:02:26Z,IssueCommentEvent
42422150688,https://api.github.com/repos/quarkusio/quarkus,0.7070835828781128,general,"WTF hahaha that was super fast hahahaha, thank you very much",2024-10-01T06:02:24Z,IssueCommentEvent
42433966313,https://api.github.com/repos/Allenky01/Proyect-S.A.B,0.7701705098152161,general,ya le voy a notificar al dueÃ±o de la pagina,2024-10-01T12:02:19Z,IssueCommentEvent
42447264218,https://api.github.com/repos/Chakpurush1430/Our-messages,0.6327179670333862,general,lov youuuuuuuu umaaaaaaaaaaaaahhh...oru 12.30 kita vanthuren seriyaa maaaa,2024-10-01T18:00:13Z,IssueCommentEvent
26438663681,https://api.github.com/repos/nicepersonx/valorant-instalock,0.8453055024147034,general,"Hii~~

still no t workings xP

Itepwaced the Prototypes. func wilf a more ~streamylined- 
i have a puototypiee. funkywunks object that make the python snake go sooper dooper fast!
XD â€œstarts twerking*

where you at nigga ive been putting hone yin my yoghurt wrong all this time

-F",2023-01-15T18:00:55Z,IssueCommentEvent
26438679348,https://api.github.com/repos/Remora/Remora.Discord,0.9736958742141724,general,"PR got fucked, due to work on the multi version docs.
I will reopen a new one when I'm done with multi version docs.",2023-01-15T18:03:05Z,IssueCommentEvent
32565769289,https://api.github.com/repos/PestoVerde322/BeeStation-Hornet,0.9884215593338013,general,What the actual fuck is that commit history,2023-10-15T00:01:06Z,IssueCommentEvent
34816076702,https://api.github.com/repos/space-wizards/space-station-14,0.9670750498771667,general,"that sucks, sponge is cooler",2024-01-15T00:02:57Z,IssueCommentEvent
32570222841,https://api.github.com/repos/apache/guacamole-client,0.6697447299957275,general,Let me know if I shall smash it into a single commit @necouchman ,2023-10-15T12:02:40Z,IssueCommentEvent
34839611727,https://api.github.com/repos/mategol/PySilon-malware,0.9171918034553528,general,ðŸ’€ sucks doesnt happen when i use my own rat.. do you have any errors? while running the file,2024-01-15T18:01:44Z,IssueCommentEvent
37462056044,https://api.github.com/repos/space-wizards/space-station-14,0.9889100193977356,general,oh fuck,2024-04-15T12:01:03Z,IssueCommentEvent
37474609951,https://api.github.com/repos/idunn4248/rr1-7-3-1github,0.7987287044525146,general,DTKhCAFrfU1V5zk4+NgPslOg2cLnu3IRXDdUv/t/o7+N804Gugy7HIfVSn86MbyUXr9+0g+JxVKV7DdVNwKk7zYfE7IzHtYYzoLgdUM4nK6HXmFSieb9FMcHnz/Fw4LZLPcpXbO7eBQin9SljrmRsM/cCBec9e8nfvrHAyorAoTXEyrO6T6sBItri+ia5qbD0JcDqyCw0NqorGbIrAuGcAsDhIqtfHsiSeeMThI6+v73oWAk4J/gFBP37NzC2R+a5hkTgcLIvmbcW796oB45yBjm8z35TW9QkVN8Xxd0G9AypbrV7vNKuZLwDozZkoMkef/liEpUe/wDB3xRyUgDPexnbmzMbxAciVrcc4BXAGHSRrzANqIUdtF5d0VRJdrA9U2SO/k8oCCetSySqwr8Q0BN7FY6OAteQx0YZQepo3Ne+/YLsCqrC33ZDzseYFSC6FktjfordJPXlMh8e28HkK8UA4huzvPCqxEzUv5HovuvxSK7E0/W6Kdtw0GeGNYXzQg1FQd2L9To7cUewzgaWO3GkLL5FAcGjG9BdutjpEiLqQX6rEEwHrq013Vp+UYEWY8gscRm0k7Sa6NIa1mw6j0dTmgUy2kYKqoy9SMwmWOdrHRZmNSYn93DEV5UA/UaOyn/QSTWfLbkl4DtJ7+guTpC+PkTXf7vq7rfD9PUkJKN5Goyh5Ya6bIgNDeCrYGzinpq/nPJ4OUTxK7/lYDQ3kD9OxMOeK2cxBGL7GWPwbYHMZ30ZnPOXcafvzktgSBg6qLCHRl2e8QTpLrcaptrSJPWmkfpftctUi23x3wEtrf7r7J6jdlmkVK3AJdR9A9N4RGWvmdjrKMXo3Y07xQ9Ztb343nxUMQQUNWK9WfiRS7c39jkr8d6e+UwWWbTZP2chRAyayNmkdM0xuNC52ZBFsVpRJdBMw5DxLGeEWNtZhj/Nph2K8fnvPLnb8Op1OJMf0W9K2cWsNpyyFUayAdyEhJam3NV+y3rp/7/joTy,2024-04-15T18:00:10Z,IssueCommentEvent
37474609967,https://api.github.com/repos/idunn4248/rr1-7-3-1github,0.7001463770866394,general,yt7EfgIITxsA9DfEZsSzPks5OnL09JbbzQdweJGnETQcXQlqtc0QS7BQjNl5f4D5eXlTUsT1j+4hTkl9MIInJGMzX9qIPwKLywhq9zE+izzoHz+ShGEe0y94NOFjWy2IYC1lu9q+QHC7zxn8nOudIp4ibzf02su/kF4FwJjsYUQvdkbWOHU4R/0VSO7oLMZ+QQ+jrRL6obIsRVKlH4WJOKTbXpbvlnQWzDw1Mvjv97yBmr+KZJk+y9f8ro9mYugYRVs7Ts9KgyGkuQCdoLjkJym1kyrJwhzVYcVrnMz9GFRT7eF1Bq77OSI1UG2t5TACB1i4BNFGOZGR/aaX51VZ3pF0PaJkuYDfRw2lKvSAKvIdc4jtJG3xPiXEzcsitJ0p4W7BG6aQHpa5O22WUbIHWKGY/sUitzlaVHIEvuMtLXv28sbx3lFN780VbrV1GcdG5U9qqH1wPVBWeQFoRHyiItpwRFgy9QM27nPf05zR9qRH+Kqc3VhBCJk483VaTgvv/FWafjXhGKe/xr8y+iqoIsthwzEmICcgKvT9FHsEdnYmMsLZiSgqyGgGqd891Jb/YueOyk4FO69IvRaZzCzYoB4a7oG0G+jol1lg//YGbqV/6werqcjClllsCbLorCFiezuvqPVWbOekbju896ctxrZH8G/8AzdPunMY8Of3OkTS6qGgtUyT4xEwnoAPoOa+gtol20rcv5ci0w8jzm65J9z+uQcBQiqSPCEs//ckq2usJ9L8sPabSvMZ3IPRek3G8k3y6itFHGfke8GQ8tbi6BZRS57tjB0crg04SEsARCcijRS324CH7z/iRFiVw0bbLJLNNSkezK+nk1/L16jVuHVF26F/Wf0rvZC1lZj1rF8V1pGsnjY3DMH+/jp4d4okUwWUqmPETU+iTmbFkcX5pf7gaJg3GXJcOxF9CLJhv0de/W+QnkfLXshIuYTK7yRJjSfk2WtB/csethlGbPzatxdEKhUjO2CTkGhfXt0k,2024-04-15T18:00:10Z,IssueCommentEvent
37474649194,https://api.github.com/repos/idunn4248/rr1-7-3-1github,0.8548364043235779,general,aQTVP6zelfvAeyDoGgai1hN0EuaXc9+epjKIdvFZLHuY7SqA7J9xuuhyTA3esMtAFhT12CvfdkWiP7wHD+5bd2Zcn4JyuJGUDGdq+t3yqpHOc4maZ5sFgFAncrXVuBcUSw/x33oSjvMEh33DtY4hQmuTzE1C3Hrlkk+AUJYtFYjfRXCNKJ9z5quqDNwYtr3nzuIbd5IGrEzErQwtn6QKPQmvyvbAidLiJcD9MWOsBJlTvHBXI7YDdP8wHFX0tq7Kxs2PkLOQdduMtr9gPMeWeOOhUHiCoepNxq111l57k1WqVOgqEQ2m2f+Ax4kozZ85jGwROddMUWcF/w9D4r69inpzuQ1i8NBpG7OTkf1zrXNjvpOpksTqomSaaVfGIRbKanQ/55bxDThcobHqcsjcwf6msBkI2ZTRX0enqgBLvIq8c7Tw1krzhGhPUMIfbHvuKNcfQpjoG/yn0ZSL4bCmOXlUapbnca9f7KBRPfOLtWfGPvv7BfIKnvMiKnQNS53QDlH4dDS/USQ1T22fyCdR+7cgsKBEeGlm/xvKPEuTMzrT+KpRkNHIAqONHIku1CHxBb+zryY8nU4lLvhdJ3LtAYvsOGMwAZ9y6Ta9eGwHTWdIHvlAgKrKtwuaa0XU84tjsM+68SLaiM0D4mfdEQX214w6yUHL/hDkqBoaFk5y7F1+AzKj/sJn30N8vZjxWbdLM/EXgD9v7d8xfZSiPUYlsyKn5T9e8aCF3oG5i24tN9aFmJxkoQTUd+WyIkIOEak9QQ46HsQiwtVOYowndPkNVEpf75ziTr6DB6FlAk3BYlrPUvp5rGMkP+Ggoeri48X67K7NkvQOA18x4mA7zlmc867lu9c6duUf6VSxZWYyuYkoir2jsSTOW49lC0jmaDTVRvHR1iOi8X0sJa82tbBac1Q7/O1OfPyJSuiqUcPM+HhujpgA0YMhHNkjBM+Jd/2r1QFs9r+StDSL4syi5TCOxWloKCS+wFlPg8kC2X/A,2024-04-15T18:01:33Z,IssueCommentEvent
42842141145,https://api.github.com/repos/Foundation-19/Foundation-19,0.985737681388855,general,"""Don't fuck with HCZ"" is not helpful criticism. If you actually want your suggestions to have a better chance of being considered, word it better.",2024-10-15T00:01:37Z,IssueCommentEvent
27707161982,https://api.github.com/repos/jlawyerorg/j-lawyer-org,0.6694614291191101,general,KÃ¶nnten wir ggfs. auf einen weiÃŸen Hintergrund mit schwarzer Schrift wechseln? Invertiert finde ich nicht so gut.,2023-03-14T12:01:32Z,IssueCommentEvent
27717619645,https://api.github.com/repos/Ratstail91/Toy,0.8977128863334656,general,"You're gonna need these for weird platforms, dummy.",2023-03-14T18:00:52Z,IssueCommentEvent
28963622099,https://api.github.com/repos/official-stockfish/Stockfish,0.8331465721130371,general,Every once in a while people bring such crap up because some project they made were born dead and they blame it for SF crashing over some illegal input and they are so angry because they aren't competent enough to write(copy paste) a basic FEN validator while at the same time they believe their shit is so special and it must be a major flaw that nobody else knew about. So here we are.,2023-05-10T06:03:04Z,IssueCommentEvent
28959252387,https://api.github.com/repos/space-wizards/space-station-14,0.9097527265548706,general,Yeah or emisse is going to murder you,2023-05-10T00:00:25Z,PullRequestReviewCommentEvent
29520096093,https://api.github.com/repos/nacknime-official/kata-machine-go,0.9271134734153748,general,"Closing since I fucked up. I just noticed you use testify, not testing. Gonna modify all the tests I added to follow the rules you used or whatever",2023-06-05T00:03:33Z,IssueCommentEvent
28981374995,https://api.github.com/repos/V037/The-Seriously-super-serious-serial-communication-with-Arduino,0.9972718358039856,general,"I just solved, now fuck you guys",2023-05-10T18:01:03Z,IssueCommentEvent
28981393761,https://api.github.com/repos/mhoeher/opentodolist,0.6728168725967407,general,"hallo martin,

danke fÃ¼r die ausfÃ¼hliche antwort und die zeit die die du dafÃ¼r geopfert hast.

ich habe das nun ein wenig weiter getestet und auch einiges neues endekt.

wie du schon geschrieben hast ist es auch mÃ¶glich den aufgaben einer liste ein datum und ein invervall zu verpassen.
wenn das datum/intervall an der aufgabe selbst hÃ¤ngtm, aktiviert sich diese auch wieder selbsstÃ¤ndig nach dem abhacken.
(eher wohl wird sie nicht abgehackt dendern direkt auf den neuen termin verschoben).
damit kann man schon gut etwas anfangen.

bei den unteraufgaben gibts kein datum zum mitgeben, das ist aus meiner sicht auch nicht weiter nÃ¶tig

aber auch hier wÃ¤re es wÃ¼nschenswert wenn sich die unteraufgaben einer aufgabe mit intervall wieder aktivieren wÃ¼rden wenn der termin wieder drann ist, oder wenn die aufgabe auf den neuen termin verschoben wird.
natÃ¼rlich gerne auch auf nachfrage...
das ist ja generell nur interresant wenn eine liste oder eine aufgabe ein intervall hat. wenn es n",2023-05-10T18:01:59Z,IssueCommentEvent
31756998224,https://api.github.com/repos/AViewFromTheTop/SimpleCopperPipesMC,0.6788061261177063,general,"> is that a stupid idea would something like that fit
> 
> like an item sucker or copper funnel or something similar

hoppers make a lot more sense
dont want to make them useless",2023-09-12T00:00:52Z,IssueCommentEvent
31761827314,https://api.github.com/repos/deepcam-cn/yolov5-face,0.9509762525558472,general,"shit code, no need to use",2023-09-12T06:01:11Z,IssueCommentEvent
33671887276,https://api.github.com/repos/valyala/fasthttp,0.983012855052948,general,"I'm saving anyone else's time this library should be removed from git no joke, along with gofiber and any other library that uses this bullshit as a base I'd wipe my ass with it seriously",2023-11-28T06:00:44Z,IssueCommentEvent
33671924746,https://api.github.com/repos/valyala/fasthttp,0.6115039587020874,general,Made a whole damn library and can't even read buffers correctly ,2023-11-28T06:02:34Z,IssueCommentEvent
36561291232,https://api.github.com/repos/BigWigsMods/packager,0.9816638231277466,general,"Ah, fuck :D  I had this patch lieing around for so long....Well, waiting for the official update

",2024-03-14T18:00:50Z,IssueCommentEvent
38359211735,https://api.github.com/repos/manmen2414/study_lua_manmen2414,0.8239055871963501,general,O-oooooooooo AAAAE-A-A-I-A-U- JO-oooooooooooo AAE-O-A-A-U-U-A- E-eee-ee-eee AAAAE-A-E-I-E-A- JO-ooo-oo-oo-oo EEEEO-A-AAA-AAAA,2024-05-14T12:01:41Z,IssueCommentEvent
38371878734,https://api.github.com/repos/tiramisulabs/seyfert,0.7922330498695374,general,"monbrey, you're being obnoxiously petty
ðŸ™ take some time to think why somebody would dislike you",2024-05-14T18:02:09Z,IssueCommentEvent
39141477324,https://api.github.com/repos/openjdk/jdk,0.6035946607589722,general,keep alive,2024-06-10T06:01:25Z,IssueCommentEvent
39141502203,https://api.github.com/repos/ICTDTWDa3/Server,0.7157604694366455,general,Waarom is die autobuild oppeens kapot... viel me vorige week ook al op,2024-06-10T06:02:37Z,IssueCommentEvent
39166007834,https://api.github.com/repos/pablouser1/ProxiTok,0.977313220500946,general,"What the fuck, we know already, Stop Spamming
I see you already done this here: https://github.com/zyronon/douyin/issues/91

- First of all, this project and douyin are not endorsed or affiliated with TikTok. It's not TikTok mods you install or sth like that
- You really nailed the job with writing simple HTML file with lossiest png
- This subreddit is banned already
- Stop Spamming
",2024-06-10T18:00:42Z,IssueCommentEvent
27620890100,https://api.github.com/repos/acheong08/ChatGPT,0.8889789581298828,general,Oh shit someone from the community found a bypass. Will write up a server for that soon,2023-03-10T00:01:37Z,IssueCommentEvent
27640971395,https://api.github.com/repos/rbfx/rbfx,0.9903766512870789,general,"Okay, I get that you're shy. If you're going to cut off your penis, then just keep evading the answer.",2023-03-10T18:01:16Z,IssueCommentEvent
33415416119,https://api.github.com/repos/space-wizards/space-station-14,0.9446082711219788,general,holy shit label required ,2023-11-17T00:01:20Z,IssueCommentEvent
33438334456,https://api.github.com/repos/TBD54566975/web5-kt,0.9450746178627014,general,"Ah, that sucks :( ",2023-11-17T18:01:58Z,PullRequestReviewCommentEvent
35228436711,https://api.github.com/repos/mihonapp/mihon,0.6692408323287964,general,"Sorry about the mention above in issue #287, didn't know this opened, the closed is self close for being dumb dumbâ€¦",2024-01-30T06:00:38Z,IssueCommentEvent
35250804169,https://api.github.com/repos/wgnf/SlnParser,0.7250456809997559,general,"Damn, thanks ðŸ˜… ",2024-01-30T18:00:12Z,IssueCommentEvent
35250820709,https://api.github.com/repos/MJoergen/C64MEGA65,0.7959171533584595,general,"@MJoergen Idiot me...
Yes, the screen menu is working and yes, I get a working core over VGA.",2024-01-30T18:00:44Z,IssueCommentEvent
40294292558,https://api.github.com/repos/MarcoSkiadas/online-shop,0.9149935841560364,general,"die //GIVEN kÃ¶nnen weg, die habe ich ausgelagert",2024-07-19T12:02:20Z,PullRequestReviewCommentEvent
40294293464,https://api.github.com/repos/MarcoSkiadas/online-shop,0.9149935841560364,general,"die //GIVEN kÃ¶nnen weg, die habe ich ausgelagert",2024-07-19T12:02:23Z,PullRequestReviewCommentEvent
30319453068,https://api.github.com/repos/tgstation/tgstation,0.9924864768981934,general,"> also how the fuck are you getting rocks from vr

if you mine in the game you mine in real life",2023-07-10T18:02:47Z,IssueCommentEvent
30325963888,https://api.github.com/repos/space-wizards/space-station-14,0.8462446928024292,general,DEATH TO CLONING!,2023-07-11T00:03:16Z,IssueCommentEvent
30325967659,https://api.github.com/repos/space-wizards/space-station-14,0.9001044631004333,general,why not make them a machine since magic healing vs nanobots or some shit,2023-07-11T00:03:35Z,IssueCommentEvent
30360661382,https://api.github.com/repos/judy0ye/fitlit-group-project-jy-jm-ps,0.8310811519622803,general,HOW DARE YOU,2023-07-12T06:02:22Z,PullRequestReviewCommentEvent
30448127242,https://api.github.com/repos/MehVahdJukaar/ohmygoat,0.9735826253890991,general,"Here's the error from the ""Load My F***ing Tags"" mod:
```
[19:42:07] [Worker-ResourceReload-11/ERROR]: [Load My Fucking Tags] Couldn't load certain entries with the tag quark:vertical_slabs: goated:thatch_vertical_slab (from goated-1.20-1.3.2.jar)
[19:42:07] [Worker-ResourceReload-1/ERROR]: [Load My Fucking Tags] Couldn't load certain entries with the tag quark:vertical_slabs: goated:thatch_vertical_slab (from goated-1.20-1.3.2.jar)
[19:42:07] [Worker-ResourceReload-1/ERROR]: [Load My Fucking Tags] Couldn't load certain entries with the tag minecraft:mineable/hoe: goated:thatch_vertical_slab (from goated-1.20-1.3.2.jar)
```

`goated:thatch_vertical_slab` isn't a registered block",2023-07-16T00:05:27Z,IssueCommentEvent
36247599095,https://api.github.com/repos/mosip/android-registration-client,0.7721297740936279,general,male >> maleButton,2024-03-05T06:01:03Z,PullRequestReviewCommentEvent
36247603154,https://api.github.com/repos/mosip/android-registration-client,0.8834380507469177,general,female >> femaleButton,2024-03-05T06:01:15Z,PullRequestReviewCommentEvent
36285623649,https://api.github.com/repos/home-assistant/core,0.6982354521751404,general,crap. actually yes i did earlier to try to get around the rgbw-cct block for wled integration by frenck. i am not sure if i deleted it before i got this issue though..,2024-03-06T06:02:17Z,IssueCommentEvent
36258200158,https://api.github.com/repos/syntheticlol/Discord-RAT,0.8983465433120728,general,Also goddamn does it take long to compile. Also i sent u a discord req,2024-03-05T12:00:53Z,IssueCommentEvent
36308680714,https://api.github.com/repos/sentry-demos/empower,0.9247874021530151,general,"> Damn, that sucks! I wonder, if this is really the expected behavior of old npm, why we never heard of this before...

Speaking for myself (and my team), it was simply not noticed for the many months that it's been available. ",2024-03-06T18:00:30Z,IssueCommentEvent
36402819998,https://api.github.com/repos/lstoll/webauthn-oidc-idp,0.9857366681098938,general,when I stop fucking around lol,2024-03-10T00:01:10Z,PullRequestReviewCommentEvent
36408808681,https://api.github.com/repos/AdguardTeam/AdguardFilters,0.8239719271659851,general,"I use this script for anti adblock popup.
https://github.com/WakeupNeo33/Anti-AdBlocker-Fuckoff-userscript/blob/main/anti-adblocker-fuckoff.user.js",2024-03-10T12:00:02Z,IssueCommentEvent
